"Name","Team","K/9","BB/9","K/BB","HR/9","K%","BB%","K-BB%","AVG","WHIP","BABIP","LOB%","ERA-","FIP-","xFIP-","ERA","FIP","E-F","xFIP","SIERA","playerid"
"Tim Collins","Nationals","18.00","0.00","2.00","0.00","50.0 %","0.0 %","50.0 %",".250","1.00",".500","100.0 %","0","-25","17","0.00","-0.88","0.88","0.75","0.50","3164"
"Daniel Descalso","Diamondbacks","13.50","0.00","1.00","0.00","50.0 %","0.0 %","50.0 %",".000","0.00",".000","100.0 %","0","1","63","0.00","0.12","-0.12","2.56","1.59","8392"
"Adrian Houser","Brewers","13.50","0.00","3.00","0.00","42.9 %","0.0 %","42.9 %",".143","0.50",".250","100.0 %","0","1","43","0.00","0.12","-0.12","1.75","1.12","12718"
"Josh Hader","Brewers","18.44","2.30","8.00","0.66","59.0 %","7.4 %","51.6 %",".080","0.51",".167","80.4 %","33","17","22","1.32","0.74","0.57","0.92","0.55","14212"
"Richard Rodriguez","Pirates","15.28","1.02","15.00","0.51","42.9 %","2.9 %","40.0 %",".250","1.08",".432","90.9 %","40","19","40","1.53","0.80","0.73","1.63","1.22","13549"
"Jace Fry","White Sox","12.96","2.16","6.00","0.00","44.4 %","7.4 %","37.0 %",".000","0.24",".000","100.0 %","0","24","52","0.00","0.96","-0.96","2.13","1.52","16159"
"Ben Taylor","Indians","13.50","2.70","5.00","0.00","38.5 %","7.7 %","30.8 %",".167","0.90",".286","66.7 %","62","26","48","2.70","1.02","1.68","2.00","1.94","18114"
"Aroldis Chapman","Yankees","17.05","4.26","4.00","0.00","47.4 %","11.8 %","35.5 %",".138","0.95",".310","85.0 %","33","26","49","1.42","1.07","0.35","2.01","1.83","10233"
"Ryan Cook","Mariners","9.00","0.00","2.00","0.00","33.3 %","0.0 %","33.3 %",".167","0.50",".250","100.0 %","0","29","47","0.00","1.12","-1.12","1.93","1.58","8855"
"Will Smith","Giants","12.38","2.25","5.50","0.00","37.9 %","6.9 %","31.0 %",".111","0.63",".188","80.0 %","0","28","53","0.00","1.12","-1.12","2.14","1.92","8048"
"Bryan Holaday","Marlins","9.00","0.00","1.00","0.00","33.3 %","0.0 %","33.3 %",".000","0.00",".000","100.0 %","0","27","109","0.00","1.12","-1.12","4.37","4.39","11287"
"Cory Mazzoni","Cubs","9.00","0.00","1.00","0.00","33.3 %","0.0 %","33.3 %",".000","0.00",".000","100.0 %","0","27","27","0.00","1.12","-1.12","1.12","-0.76","12537"
"Jake Barrett","Diamondbacks","9.00","0.00","1.00","0.00","33.3 %","0.0 %","33.3 %",".000","0.00",".000","100.0 %","0","27","27","0.00","1.12","-1.12","1.12","-0.76","13322"
"Adam Conley","Marlins","9.00","0.00","1.00","0.00","25.0 %","0.0 %","25.0 %",".250","1.00",".333","100.0 %","0","27","68","0.00","1.12","-1.12","2.75","2.66","14457"
"Dan Winkler","Braves","13.03","2.33","5.60","0.00","40.0 %","7.1 %","32.9 %",".109","0.62",".194","76.9 %","24","28","58","0.93","1.16","-0.23","2.33","1.86","12237"
"Adam Cimber","Padres","11.31","2.19","5.17","0.00","32.0 %","6.2 %","25.8 %",".242","1.14",".367","71.4 %","78","33","49","2.92","1.34","1.58","2.00","2.24","15288"
"Luis Cessa","Yankees","11.25","2.25","5.00","0.00","33.3 %","6.7 %","26.7 %",".214","1.00",".333","50.0 %","104","33","53","4.50","1.37","3.13","2.18","2.29","13345"
"Seranthony Dominguez","Phillies","9.39","0.00","8.00","0.00","32.0 %","0.0 %","32.0 %",".042","0.13",".063","100.0 %","0","33","72","0.00","1.43","-1.43","2.91","1.98","19249"
"Adam Ottavino","Rockies","15.58","3.46","4.50","0.35","48.4 %","10.8 %","37.6 %",".086","0.65",".171","90.9 %","23","35","42","1.04","1.55","-0.51","1.73","1.64","1247"
"Sam Gaviglio","Blue Jays","11.17","1.86","6.00","0.00","29.3 %","4.9 %","24.4 %",".211","1.03",".308","90.9 %","22","38","78","0.93","1.57","-0.64","3.25","2.82","12778"
"Bud Norris","Cardinals","12.49","1.61","7.75","0.40","36.1 %","4.7 %","31.4 %",".210","0.94",".327","82.5 %","53","39","54","2.01","1.60","0.42","2.18","1.95","9492"
"Victor Arano","Phillies","9.69","2.08","4.67","0.00","27.5 %","5.9 %","21.6 %",".167","0.85",".235","81.8 %","35","39","82","1.38","1.66","-0.28","3.28","2.95","15915"
"Christian Bergman","Mariners","6.43","0.00","5.00","0.00","21.7 %","0.0 %","21.7 %",".087","0.29",".111","100.0 %","0","42","85","0.00","1.69","-1.69","3.55","3.34","10925"
"Max Scherzer","Nationals","14.25","2.19","6.50","0.69","40.9 %","6.3 %","34.7 %",".170","0.85",".278","82.7 %","45","45","60","1.78","1.81","-0.03","2.43","2.08","3137"
"Jacob deGrom","Mets","12.10","2.45","4.93","0.35","34.3 %","7.0 %","27.4 %",".204","1.01",".313","83.7 %","47","45","58","1.75","1.82","-0.06","2.35","2.66","10954"
"Josh Lucas","Athletics","9.45","2.70","3.50","0.00","29.2 %","8.3 %","20.8 %",".182","0.90",".267","83.3 %","32","47","75","1.35","1.92","-0.57","3.14","2.89","11686"
"Gerrit Cole","Astros","13.57","2.04","6.64","0.73","40.8 %","6.1 %","34.7 %",".165","0.79",".263","86.4 %","42","47","56","1.75","1.94","-0.19","2.33","2.08","13125"
"Tanner Scott","Orioles","9.64","2.89","3.33","0.00","25.6 %","7.7 %","18.0 %",".278","1.39",".385","61.5 %","111","46","80","4.82","1.94","2.88","3.34","3.21","17586"
"Dylan Floro","Reds","9.00","2.50","3.60","0.00","22.8 %","6.3 %","16.5 %",".243","1.28",".321","82.6 %","38","47","82","1.50","1.96","-0.46","3.31","3.02","13394"
"Luis Severino","Yankees","10.52","2.22","4.75","0.28","30.0 %","6.3 %","23.7 %",".199","0.97",".285","76.8 %","55","46","68","2.35","1.97","0.39","2.84","2.98","15890"
"Felipe Vazquez","Pirates","10.13","3.38","3.00","0.00","25.9 %","8.6 %","17.3 %",".230","1.29",".321","58.3 %","100","50","84","3.86","2.00","1.86","3.39","3.39","12076"
"Sean Doolittle","Nationals","13.73","1.37","10.00","0.92","41.1 %","4.1 %","37.0 %",".145","0.66",".216","80.4 %","58","50","62","2.29","2.00","0.28","2.50","1.62","1581"
"Roberto Osuna","Blue Jays","7.63","0.59","13.00","0.00","20.6 %","1.6 %","19.1 %",".267","1.11",".340","73.7 %","68","48","81","2.93","2.01","0.92","3.39","3.17","13764"
"Marcus Walden","Red Sox","8.59","1.84","4.67","0.00","23.7 %","5.1 %","18.6 %",".255","1.16",".341","61.1 %","83","50","70","3.68","2.03","1.65","2.92","2.67","8004"
"Roberto Gomez","Giants","7.71","0.96","8.00","0.00","16.3 %","2.0 %","14.3 %",".426","2.25",".513","50.0 %","206","53","95","7.71","2.05","5.66","3.79","3.44","12963"
"Kelvin Herrera","Royals","8.10","0.00","15.00","0.54","24.2 %","0.0 %","24.2 %",".194","0.72",".239","94.3 %","25","52","81","1.08","2.10","-1.02","3.37","2.90","6033"
"Brooks Pounders","Rockies","13.50","0.00","12.00","1.13","36.4 %","0.0 %","36.4 %",".313","1.25",".474","72.9 %","99","49","42","4.50","2.12","2.38","1.72","1.52","10387"
"Trevor Oaks","Royals","7.20","1.80","4.00","0.00","15.4 %","3.9 %","11.5 %",".480","2.60",".571","61.5 %","207","53","89","9.00","2.12","6.88","3.75","4.30","16468"
"Nick Gardewine","Rangers","7.20","0.00","4.00","0.00","17.4 %","0.0 %","17.4 %",".318","1.40",".389","75.0 %","80","50","105","3.60","2.12","1.48","4.40","3.82","16513"
"Miguel Socolovich","Braves","9.00","3.00","3.00","0.00","23.1 %","7.7 %","15.4 %",".250","1.33",".333","25.0 %","231","53","107","9.00","2.12","6.88","4.29","3.85","6697"
"Joe Kelly","Red Sox","10.13","3.38","3.00","0.00","29.6 %","9.9 %","19.8 %",".153","0.89",".229","75.0 %","48","53","73","2.11","2.14","-0.03","3.05","3.03","9761"
"Ryan Madson","Nationals","9.31","2.79","3.33","0.00","23.5 %","7.1 %","16.5 %",".269","1.40",".362","64.3 %","106","53","91","4.19","2.14","2.05","3.65","3.40","1852"
"Collin McHugh","Astros","12.23","2.55","4.80","0.51","35.3 %","7.4 %","27.9 %",".177","0.91",".270","100.0 %","12","53","65","0.51","2.16","-1.65","2.71","2.28","7531"
"Justin Verlander","Astros","11.01","1.83","6.00","0.52","32.8 %","5.5 %","27.3 %",".146","0.71",".205","90.5 %","25","53","83","1.05","2.18","-1.13","3.48","2.90","8700"
"Kirby Yates","Padres","11.81","3.38","3.50","0.00","32.3 %","9.2 %","23.1 %",".161","0.94",".257","88.9 %","30","55","87","1.13","2.18","-1.06","3.50","2.80","9073"
"Jeremy Jeffress","Brewers","8.42","2.81","3.00","0.00","26.4 %","8.8 %","17.6 %",".120","0.70",".169","94.4 %","9","52","75","0.35","2.19","-1.84","3.01","2.96","9490"
"Brett Cecil","Cardinals","8.10","2.70","3.00","0.00","25.0 %","8.3 %","16.7 %",".182","0.90",".250","66.7 %","71","55","92","2.70","2.22","0.48","3.68","3.24","2660"
"Michael Feliz","Pirates","11.70","3.15","3.71","0.45","31.7 %","8.5 %","23.2 %",".213","1.15",".313","78.7 %","70","56","75","2.70","2.22","0.48","3.03","2.82","11903"
"Nick Wittgren","Marlins","10.43","4.30","2.43","0.00","27.9 %","11.5 %","16.4 %",".167","1.09",".243","81.3 %","16","57","97","0.61","2.24","-1.62","3.90","3.55","15594"
"Blake Treinen","Athletics","10.72","2.78","3.86","0.40","28.1 %","7.3 %","20.8 %",".213","1.15",".295","81.3 %","28","55","63","1.19","2.24","-1.05","2.60","2.72","12572"
"Brandon Morrow","Cubs","9.00","3.38","2.67","0.00","26.7 %","10.0 %","16.7 %",".167","0.94",".237","86.7 %","29","55","76","1.13","2.25","-1.12","3.06","3.12","9346"
"Taylor Rogers","Twins","8.20","2.89","2.83","0.00","21.5 %","7.6 %","13.9 %",".288","1.45",".375","59.3 %","121","54","81","5.30","2.27","3.04","3.40","3.58","13449"
"Donnie Hart","Orioles","3.86","0.00","2.00","0.00","9.5 %","0.0 %","9.5 %",".286","1.29",".316","66.7 %","45","53","104","1.93","2.27","-0.34","4.35","4.05","15306"
"Will Harris","Astros","8.04","2.87","2.80","0.00","21.9 %","7.8 %","14.1 %",".237","1.21",".311","68.4 %","83","56","75","3.45","2.29","1.15","3.12","3.16","3192"
"Ryan Pressly","Twins","12.04","3.65","3.30","0.36","31.7 %","9.6 %","22.1 %",".226","1.26",".339","81.7 %","50","55","73","2.19","2.31","-0.12","3.04","2.86","7005"
"Tony Watson","Giants","10.29","2.14","4.80","0.43","27.6 %","5.8 %","21.8 %",".247","1.19",".339","85.4 %","57","60","71","2.14","2.31","-0.17","2.85","2.73","3132"
"Craig Stammen","Padres","9.13","1.99","4.60","0.40","25.6 %","5.6 %","20.0 %",".224","1.06",".295","84.1 %","53","59","79","1.99","2.33","-0.34","3.19","2.92","7274"
"Ross Stripling","Dodgers","10.38","2.34","4.44","0.52","27.8 %","6.3 %","21.5 %",".252","1.24",".344","87.1 %","55","59","78","2.08","2.34","-0.27","3.14","3.11","13273"
"Jeurys Familia","Mets","11.05","2.86","3.86","0.41","31.0 %","8.1 %","23.0 %",".177","0.95",".255","87.4 %","44","58","82","1.64","2.35","-0.71","3.31","2.78","5114"
"Edwin Diaz","Mariners","15.43","3.47","4.44","0.77","44.9 %","10.1 %","34.8 %",".117","0.77",".200","87.9 %","47","58","55","1.93","2.35","-0.42","2.28","1.79","14710"
"Jonathan Holder","Yankees","9.42","1.26","7.50","0.63","27.3 %","3.6 %","23.6 %",".189","0.84",".243","37.7 %","87","55","83","3.77","2.35","1.41","3.49","2.94","16588"
"Hector Rondon","Astros","9.77","1.72","5.67","0.57","26.6 %","4.7 %","21.9 %",".246","1.15",".326","78.3 %","56","57","81","2.30","2.36","-0.06","3.39","2.93","2391"
"Aaron Bummer","White Sox","9.82","3.68","2.67","0.00","22.5 %","8.5 %","14.1 %",".313","1.77",".417","63.0 %","87","56","81","3.68","2.37","1.31","3.37","3.31","16258"
"Noe Ramirez","Angels","11.92","3.86","3.09","0.35","29.8 %","9.7 %","20.2 %",".265","1.48",".388","71.8 %","93","59","77","3.86","2.38","1.48","3.20","3.03","12800"
"Ken Giles","Astros","7.20","0.00","12.00","0.60","20.7 %","0.0 %","20.7 %",".241","0.93",".289","63.5 %","87","58","85","3.60","2.39","1.21","3.58","3.13","12910"
"Bruce Rondon","White Sox","11.40","4.80","2.38","0.00","28.8 %","12.1 %","16.7 %",".211","1.33",".316","61.9 %","85","57","88","3.60","2.39","1.21","3.69","3.53","5766"
"Walker Buehler","Dodgers","10.59","2.38","4.44","0.53","29.6 %","6.7 %","23.0 %",".192","0.97",".265","76.9 %","64","61","63","2.38","2.42","-0.03","2.56","2.83","19374"
"Jake Thompson","Phillies","9.35","4.15","2.25","0.00","21.4 %","9.5 %","11.9 %",".263","1.62",".345","42.9 %","186","58","108","7.27","2.43","4.84","4.30","3.99","14371"
"Pedro Strop","Cubs","8.55","1.80","4.75","0.45","25.3 %","5.3 %","20.0 %",".183","0.85",".235","89.7 %","34","61","86","1.35","2.47","-1.12","3.45","3.10","4070"
"Mychal Givens","Orioles","11.01","3.55","3.10","0.36","31.0 %","10.0 %","21.0 %",".191","1.07",".281","71.4 %","66","58","82","2.84","2.49","0.35","3.45","3.03","10430"
"Phil Maton","Padres","9.56","3.94","2.43","0.00","23.9 %","9.9 %","14.1 %",".254","1.44",".348","95.8 %","15","63","106","0.56","2.50","-1.93","4.22","3.76","18064"
"Chris Devenski","Astros","10.70","2.55","4.20","0.51","30.9 %","7.4 %","23.5 %",".194","0.96",".275","90.4 %","37","61","73","1.53","2.50","-0.97","3.05","2.71","12763"
"Tony Sipp","Astros","7.56","3.24","2.33","0.00","21.2 %","9.1 %","12.1 %",".200","1.08",".261","55.6 %","104","61","93","4.32","2.52","1.80","3.89","3.94","8280"
"Oliver Drake","- - -","10.29","5.14","2.00","0.00","25.4 %","12.7 %","12.7 %",".273","1.64",".385","60.9 %","145","61","92","5.79","2.55","3.23","3.71","3.87","8823"
"Noah Syndergaard","Mets","10.43","1.99","5.23","0.61","27.8 %","5.3 %","22.5 %",".250","1.19",".340","76.0 %","78","64","71","2.91","2.56","0.36","2.86","3.04","11762"
"Chad Green","Yankees","12.24","1.80","6.80","1.08","35.1 %","5.2 %","29.9 %",".207","0.96",".291","80.8 %","58","60","62","2.52","2.56","-0.04","2.56","2.13","15552"
"Derek Law","Giants","10.00","4.00","2.50","0.00","21.7 %","8.7 %","13.0 %",".293","1.78",".387","47.1 %","187","67","114","7.00","2.57","4.43","4.55","3.88","13133"
"Jose Leclerc","Rangers","11.66","6.14","1.90","0.00","30.2 %","15.9 %","14.3 %",".132","1.16",".206","41.2 %","55","61","101","2.45","2.58","-0.12","4.24","4.00","14524"
"Scott Barlow","Royals","2.45","0.00","1.00","0.00","4.8 %","0.0 %","4.8 %",".429","2.45",".450","66.7 %","113","63","124","4.91","2.58","2.33","5.23","4.86","14993"
"Sam Tuivailala","Cardinals","7.36","3.27","2.25","0.00","19.2 %","8.5 %","10.6 %",".279","1.45",".353","81.3 %","64","64","113","2.45","2.58","-0.12","4.50","4.17","13485"
"Nick Kingham","Pirates","10.31","0.98","10.50","0.98","30.4 %","2.9 %","27.5 %",".179","0.76",".227","62.5 %","89","65","61","3.44","2.58","0.86","2.49","2.63","11694"
"Joe Jimenez","Tigers","9.13","2.38","3.83","0.40","23.2 %","6.1 %","17.2 %",".228","1.19",".294","63.9 %","64","61","106","2.78","2.59","0.19","4.46","3.57","15761"
"Carl Edwards Jr.","Cubs","15.00","4.71","3.18","0.86","39.3 %","12.4 %","27.0 %",".192","1.24",".317","77.6 %","87","64","74","3.43","2.60","0.83","2.98","2.55","13607"
"Adam Liberatore","Dodgers","9.00","4.50","2.00","0.00","24.2 %","12.1 %","12.1 %",".207","1.25",".286","70.0 %","90","66","91","3.38","2.62","0.75","3.64","3.72","10637"
"Alec Asher","Brewers","9.00","4.50","2.00","0.00","22.2 %","11.1 %","11.1 %",".250","1.50",".333","100.0 %","0","63","106","0.00","2.62","-2.62","4.25","4.15","13560"
"Randy Rosario","Cubs","9.00","4.50","2.00","0.00","28.6 %","14.3 %","14.3 %",".000","0.50",".000","100.0 %","0","65","65","0.00","2.62","-2.62","2.62","2.17","14508"
"Alex Colome","Rays","9.58","3.05","3.14","0.44","24.2 %","7.7 %","16.5 %",".274","1.45",".361","73.4 %","94","65","74","3.92","2.64","1.28","3.11","3.10","6661"
"James Pazos","Mariners","9.35","0.52","18.00","0.52","26.9 %","1.5 %","25.4 %",".194","0.75",".256","89.7 %","38","65","75","1.56","2.66","-1.10","3.13","2.49","13323"
"John Gant","Cardinals","9.35","2.60","3.60","0.52","25.0 %","6.9 %","18.1 %",".209","1.10",".271","45.5 %","122","67","92","4.67","2.66","2.01","3.69","3.49","13684"
"Matt Andriese","Rays","9.42","1.88","5.00","0.63","25.9 %","5.2 %","20.7 %",".220","1.05",".286","67.4 %","75","66","77","3.14","2.67","0.47","3.23","3.01","12022"
"Jose Alvarado","Rays","8.69","4.12","2.11","0.00","24.4 %","11.5 %","12.8 %",".176","1.07",".245","68.2 %","77","67","92","3.20","2.72","0.49","3.87","3.57","17780"
"Alex Wood","Dodgers","8.05","1.42","5.67","0.63","22.3 %","3.9 %","18.3 %",".223","1.02",".273","64.9 %","89","69","82","3.32","2.72","0.60","3.29","3.50","13781"
"David Hernandez","Reds","8.78","4.05","2.17","0.00","23.2 %","10.7 %","12.5 %",".204","1.20",".278","76.5 %","68","67","112","2.70","2.75","-0.05","4.45","4.10","4259"
"Johnny Cueto","Giants","7.31","1.69","4.33","0.28","22.2 %","5.1 %","17.1 %",".148","0.69",".185","93.2 %","22","72","97","0.84","2.75","-1.90","3.86","3.75","6893"
"Lou Trivino","Athletics","8.27","4.41","1.88","0.00","21.7 %","11.6 %","10.1 %",".213","1.29",".283","95.2 %","13","67","99","0.55","2.75","-2.20","4.15","4.13","15043"
"Chris Sale","Red Sox","12.43","2.14","5.80","1.00","34.9 %","6.0 %","28.9 %",".188","0.92",".267","86.5 %","52","67","67","2.29","2.76","-0.47","2.81","2.56","10603"
"Edgar Santana","Pirates","7.45","1.86","4.00","0.47","20.8 %","5.2 %","15.6 %",".205","0.98",".250","73.9 %","73","69","83","2.79","2.76","0.03","3.35","3.16","17355"
"Silvino Bracho","Diamondbacks","12.96","4.32","3.00","0.00","34.3 %","11.4 %","22.9 %",".107","0.84",".188","90.0 %","28","68","98","1.08","2.76","-1.68","3.93","2.88","15051"
"Matt Magill","Twins","7.71","0.77","10.00","0.77","21.7 %","2.2 %","19.6 %",".267","1.11",".324","94.8 %","35","66","96","1.54","2.78","-1.24","4.03","3.34","3950"
"Michael Soroka","Braves","9.20","2.45","3.75","0.61","21.7 %","5.8 %","15.9 %",".323","1.70",".408","63.6 %","95","70","72","3.68","2.78","0.90","2.89","3.61","18383"
"Trevor Bauer","Indians","10.22","3.20","3.19","0.46","27.2 %","8.5 %","18.7 %",".204","1.12",".278","76.0 %","59","67","84","2.59","2.78","-0.19","3.50","3.53","12703"
"Amir Garrett","Reds","10.46","2.70","3.88","0.68","31.0 %","8.0 %","23.0 %",".187","0.94",".259","94.8 %","34","68","69","1.35","2.78","-1.43","2.78","2.72","14375"
"Jeremy Hellickson","Nationals","7.16","1.38","5.20","0.55","21.5 %","4.1 %","17.4 %",".198","0.86",".239","79.4 %","56","70","82","2.20","2.79","-0.58","3.28","3.57","4371"
"Shane Carle","Braves","6.67","2.00","3.33","0.33","18.9 %","5.7 %","13.2 %",".200","0.96",".241","81.3 %","34","70","94","1.33","2.79","-1.46","3.75","3.73","15258"
"Aaron Loup","Blue Jays","8.20","2.41","3.40","0.48","21.3 %","6.3 %","15.0 %",".267","1.34",".333","72.0 %","78","67","88","3.38","2.80","0.57","3.67","3.56","10343"
"Kenta Maeda","Dodgers","11.05","2.66","4.15","0.82","28.6 %","6.9 %","21.7 %",".251","1.30",".342","68.7 %","104","71","77","3.89","2.80","1.08","3.10","3.25","18498"
"Sammy Solis","Nationals","13.22","4.96","2.67","0.55","33.8 %","12.7 %","21.1 %",".230","1.41",".361","70.8 %","112","71","75","4.41","2.82","1.59","3.01","3.04","11457"
"Jack Flaherty","Cardinals","10.41","2.70","3.86","0.77","30.3 %","7.9 %","22.5 %",".207","1.03",".283","84.9 %","61","71","84","2.31","2.82","-0.51","3.38","3.22","17479"
"Rick Porcello","Red Sox","8.91","1.55","5.73","0.71","24.4 %","4.3 %","20.2 %",".230","1.05",".290","73.0 %","76","69","80","3.39","2.82","0.57","3.36","3.33","2717"
"Richard Bleier","Orioles","3.96","1.44","2.75","0.00","10.9 %","4.0 %","6.9 %",".271","1.20",".306","87.1 %","33","66","97","1.44","2.84","-1.40","4.08","3.81","7803"
"Aaron Nola","Phillies","7.93","1.95","4.07","0.56","23.0 %","5.7 %","17.3 %",".223","1.02",".279","81.4 %","60","69","82","2.37","2.86","-0.49","3.29","3.54","16149"
"Jared Hughes","Reds","7.43","2.03","3.67","0.34","21.8 %","5.9 %","15.8 %",".204","0.94",".257","89.8 %","34","70","82","1.35","2.86","-1.51","3.29","3.05","9325"
"Lance McCullers Jr.","Astros","10.07","3.51","2.87","0.46","28.0 %","9.8 %","18.2 %",".210","1.14",".291","73.0 %","77","69","78","3.20","2.87","0.34","3.28","3.44","14120"
"Artie Lewicki","Tigers","7.88","4.50","1.75","0.00","18.0 %","10.3 %","7.7 %",".314","1.88",".393","66.7 %","129","68","121","5.63","2.87","2.75","5.11","4.66","16731"
"Nick Pivetta","Phillies","10.19","2.04","5.00","0.85","28.0 %","5.6 %","22.4 %",".225","1.08",".296","76.9 %","82","69","82","3.23","2.88","0.35","3.31","3.21","15454"
"Bobby Poyner","Red Sox","8.38","0.93","9.00","0.93","22.0 %","2.4 %","19.5 %",".300","1.34",".367","94.8 %","42","71","82","1.86","2.92","-1.05","3.42","3.31","17987"
"Tony Cingrani","Dodgers","14.67","2.93","5.00","1.17","36.8 %","7.4 %","29.4 %",".246","1.30",".382","52.1 %","188","74","59","7.04","2.93","4.12","2.40","2.09","12555"
"Joakim Soria","White Sox","11.15","1.76","6.33","1.17","26.8 %","4.2 %","22.5 %",".309","1.57",".404","66.0 %","125","69","83","5.28","2.93","2.36","3.46","2.92","6941"
"Andrew Chafin","Diamondbacks","9.92","4.96","2.00","0.00","25.0 %","12.5 %","12.5 %",".213","1.35",".302","79.2 %","56","73","101","2.20","2.94","-0.73","4.03","3.86","12988"
"Zach Eflin","Phillies","8.83","3.12","2.83","0.52","25.0 %","8.8 %","16.2 %",".161","0.92",".205","75.3 %","40","71","109","1.56","2.95","-1.39","4.35","4.19","13774"
"Jose Alvarez","Angels","10.07","2.29","4.40","0.92","26.8 %","6.1 %","20.7 %",".234","1.17",".302","79.2 %","66","73","81","2.75","2.97","-0.22","3.38","3.00","5358"
"Hunter Strickland","Giants","9.58","2.18","4.40","0.87","27.5 %","6.3 %","21.3 %",".187","0.92",".235","86.4 %","58","78","82","2.18","2.98","-0.80","3.29","2.95","7836"
"David Robertson","Yankees","10.55","2.95","3.57","0.84","28.7 %","8.1 %","20.7 %",".188","1.03",".245","62.5 %","98","69","79","4.22","2.98","1.24","3.29","2.97","8241"
"Trevor Cahill","Athletics","9.93","2.17","4.57","0.93","28.6 %","6.3 %","22.3 %",".210","1.00",".271","76.6 %","67","73","60","2.79","2.98","-0.19","2.48","2.78","6249"
"Patrick Corbin","Diamondbacks","11.70","2.60","4.50","1.01","33.3 %","7.4 %","25.9 %",".176","0.91",".239","83.7 %","66","74","66","2.60","2.99","-0.39","2.65","2.79","9323"
"Mike Clevinger","Indians","7.54","2.72","2.78","0.45","21.3 %","7.7 %","13.6 %",".235","1.16",".293","77.2 %","65","72","92","2.87","3.00","-0.14","3.85","4.06","12808"
"Erik Goeddel","- - -","11.00","7.00","1.57","0.00","29.7 %","18.9 %","10.8 %",".167","1.33",".263","91.7 %","24","74","103","1.00","3.01","-2.01","4.27","4.48","11712"
"Jon Gray","Rockies","10.19","2.10","4.85","0.97","26.0 %","5.4 %","20.7 %",".285","1.40",".371","63.7 %","118","70","73","5.34","3.01","2.32","2.96","3.24","14916"
"Brad Brach","Orioles","11.37","5.21","2.18","0.47","26.7 %","12.2 %","14.4 %",".266","1.68",".370","75.2 %","88","70","88","3.79","3.02","0.77","3.70","3.73","6627"
"Matt Barnes","Red Sox","12.36","5.49","2.25","0.46","33.8 %","15.0 %","18.8 %",".149","1.12",".231","78.7 %","62","74","78","2.75","3.02","-0.27","3.27","3.40","12863"
"Drew VerHagen","Tigers","9.90","6.30","1.57","0.00","26.2 %","16.7 %","9.5 %",".171","1.30",".250","46.2 %","145","71","122","6.30","3.02","3.28","5.13","4.54","13424"
"Sean Newcomb","Braves","9.91","4.10","2.42","0.51","27.1 %","11.2 %","15.9 %",".189","1.14",".256","77.1 %","61","76","92","2.39","3.03","-0.63","3.67","3.89","16943"
"Kyle Crick","Pirates","11.68","4.38","2.67","0.73","29.1 %","10.9 %","18.2 %",".204","1.30",".281","82.2 %","57","77","92","2.19","3.04","-0.85","3.70","3.36","13182"
"Tyler Olson","Indians","12.15","2.03","6.00","1.35","32.1 %","5.4 %","26.8 %",".245","1.20",".333","53.0 %","139","73","70","6.08","3.05","3.03","2.92","2.39","14741"
"James Paxton","Mariners","11.35","2.87","3.95","1.01","31.5 %","8.0 %","23.5 %",".191","1.02",".257","76.1 %","80","75","82","3.30","3.06","0.24","3.42","3.17","11828"
"Gio Gonzalez","Nationals","9.53","4.13","2.31","0.48","24.6 %","10.7 %","13.9 %",".225","1.32",".297","81.9 %","60","77","95","2.38","3.07","-0.69","3.79","4.02","7448"
"Dan Jennings","Brewers","6.45","2.42","2.67","0.40","19.1 %","7.1 %","11.9 %",".231","1.07",".279","79.7 %","50","74","82","2.01","3.08","-1.06","3.30","3.16","8073"
"Robbie Erlin","Padres","7.80","1.20","6.50","0.90","21.3 %","3.3 %","18.0 %",".254","1.13",".303","57.1 %","129","78","77","4.80","3.09","1.71","3.09","3.19","10354"
"Luis Avilan","White Sox","11.77","4.85","2.43","0.69","27.0 %","11.1 %","15.9 %",".286","1.77",".395","60.2 %","114","74","89","4.85","3.12","1.72","3.75","3.60","2882"
"Pablo Sandoval","Giants","0.00","0.00","0.00","0.00","0.0 %","0.0 %","0.0 %",".000","0.00",".000","100.0 %","0","82","78","0.00","3.12","-3.12","3.12","-1.25","5409"
"John Axford","Blue Jays","8.18","3.27","2.50","0.41","22.2 %","8.9 %","13.3 %",".247","1.27",".317","76.1 %","76","74","94","3.27","3.12","0.15","3.93","3.68","9059"
"Brad Hand","Padres","13.68","4.81","2.85","0.74","35.9 %","12.6 %","23.3 %",".161","1.11",".250","66.2 %","59","79","74","2.22","3.12","-0.90","2.99","2.86","9111"
"Seth Lugo","Mets","8.89","2.54","3.50","0.64","25.0 %","7.1 %","17.9 %",".196","0.99",".250","88.2 %","51","78","92","1.91","3.12","-1.22","3.70","3.28","12447"
"Archie Bradley","Diamondbacks","8.25","2.25","3.67","0.75","23.7 %","6.5 %","17.2 %",".195","0.96",".238","79.2 %","67","78","86","2.63","3.12","-0.50","3.46","3.21","12918"
"Daniel Robertson","Rays","0.00","0.00","0.00","0.00","0.0 %","0.0 %","0.0 %",".000","0.00",".000","100.0 %","0","77","151","0.00","3.12","-3.12","6.37","9.69","14145"
"Hyun-Jin Ryu","Dodgers","10.92","3.03","3.60","0.91","31.3 %","8.7 %","22.6 %",".154","0.88",".200","87.7 %","57","79","73","2.12","3.12","-1.00","2.96","3.06","14444"
"Hernan Perez","Brewers","0.00","0.00","0.00","0.00","0.0 %","0.0 %","0.0 %",".000","0.00",".000","100.0 %","0","76","202","0.00","3.12","-3.12","7.99","13.19","5751"
"Yohander Mendez","Rangers","0.00","0.00","0.00","0.00","0.0 %","0.0 %","0.0 %",".333","1.50",".333","100.0 %","0","73","189","0.00","3.12","-3.12","7.99","7.29","14391"
"Tyler Webb","Padres","8.10","5.40","1.50","0.00","20.0 %","13.3 %","6.7 %",".231","1.50",".300","40.0 %","217","79","115","8.10","3.12","4.98","4.58","4.40","14974"
"Brad Peacock","Astros","12.74","2.04","6.25","1.53","36.8 %","5.9 %","30.9 %",".156","0.79",".194","100.0 %","49","76","59","2.04","3.18","-1.14","2.44","2.01","5401"
"Scott Oberg","Rockies","8.18","4.09","2.00","0.00","19.2 %","9.6 %","9.6 %",".267","1.55",".343","57.9 %","144","75","106","6.55","3.21","3.33","4.25","3.91","13911"
"Freddy Peralta","Brewers","16.76","7.45","2.25","0.93","45.0 %","20.0 %","25.0 %",".125","1.24",".231","75.5 %","93","78","59","3.72","3.23","0.50","2.38","3.61","18679"
"Tommy Hunter","Phillies","8.38","1.86","4.50","0.93","20.0 %","4.4 %","15.6 %",".326","1.66",".394","75.3 %","119","78","76","4.66","3.23","1.43","3.06","2.83","1157"
"Matt Boyd","Tigers","7.69","2.44","3.15","0.56","21.1 %","6.7 %","14.4 %",".213","1.06",".261","74.3 %","73","76","110","3.19","3.23","-0.04","4.61","4.26","15440"
"Dellin Betances","Yankees","16.11","2.84","5.67","1.89","43.0 %","7.6 %","35.4 %",".247","1.26",".400","70.7 %","110","74","33","4.74","3.23","1.51","1.35","1.63","6216"
"Jacob Barnes","Brewers","9.00","4.26","2.11","0.47","21.8 %","10.3 %","11.5 %",".295","1.68",".379","75.2 %","71","78","91","2.84","3.23","-0.39","3.65","3.74","12323"
"Nick Vincent","Mariners","9.95","2.37","4.20","0.95","24.4 %","5.8 %","18.6 %",".275","1.42",".351","67.5 %","103","79","99","4.26","3.23","1.04","4.17","3.46","7555"
"Brad Boxberger","Diamondbacks","12.00","4.00","3.00","1.00","31.6 %","10.5 %","21.1 %",".206","1.22",".286","83.3 %","51","80","80","2.00","3.23","-1.23","3.23","3.01","10133"
"Jaime Barria","Angels","7.11","2.49","2.86","0.36","19.4 %","6.8 %","12.6 %",".204","1.03",".250","83.3 %","51","79","103","2.13","3.24","-1.11","4.33","4.26","18356"
"Andrew Heaney","Angels","10.26","3.12","3.29","0.89","27.7 %","8.4 %","19.3 %",".232","1.21",".307","65.3 %","81","79","78","3.35","3.25","0.10","3.25","3.52","15423"
"Kevin Shackelford","Reds","7.88","4.50","1.75","0.00","17.1 %","9.8 %","7.3 %",".361","2.13",".448","55.6 %","200","79","127","7.88","3.25","4.63","5.07","4.55","11012"
"Tyler Glasnow","Pirates","12.31","5.16","2.38","0.79","30.1 %","12.6 %","17.5 %",".244","1.54",".351","62.1 %","155","82","79","5.96","3.25","2.70","3.18","3.34","14374"
"Zach Duke","Twins","12.00","6.60","1.82","0.00","26.7 %","14.7 %","12.0 %",".246","1.73",".366","75.9 %","82","77","103","3.60","3.26","0.34","4.34","4.00","3840"
"Brandon Kintzler","Nationals","8.18","4.09","2.00","0.41","21.7 %","10.9 %","10.9 %",".268","1.45",".344","68.6 %","114","82","94","4.50","3.26","1.24","3.78","3.96","9939"
"Shohei Ohtani","Angels","11.60","3.12","3.71","1.12","32.3 %","8.7 %","23.6 %",".199","1.07",".270","78.4 %","81","80","75","3.35","3.27","0.08","3.15","3.11","19755"
"John Brebbia","Cardinals","10.38","1.38","7.50","1.38","28.9 %","3.9 %","25.0 %",".220","1.00",".273","68.6 %","109","83","78","4.15","3.28","0.88","3.15","2.64","12777"
"Paul Sewald","Mets","8.88","1.42","6.25","1.07","24.8 %","4.0 %","20.8 %",".229","1.03",".279","70.2 %","105","82","96","3.91","3.28","0.63","3.86","3.18","13892"
"Sam Freeman","Braves","8.68","5.79","1.50","0.00","24.3 %","16.2 %","8.1 %",".164","1.18",".233","65.2 %","74","83","104","2.89","3.28","-0.39","4.15","4.44","6832"
"Tony Barnette","Rangers","9.49","2.19","4.33","0.73","26.0 %","6.0 %","20.0 %",".156","0.81",".194","37.7 %","65","77","85","2.92","3.28","-0.37","3.55","2.91","3555"
"Caleb Smith","Marlins","12.02","4.85","2.48","0.84","31.5 %","12.7 %","18.8 %",".203","1.29",".289","70.9 %","111","84","93","4.22","3.29","0.93","3.74","3.73","14875"
"Miles Mikolas","Cardinals","6.86","0.90","7.67","0.90","19.4 %","2.5 %","16.9 %",".231","0.98",".266","85.6 %","59","83","78","2.24","3.29","-1.05","3.15","3.42","9803"
"Yusmeiro Petit","Athletics","5.79","1.61","3.60","0.64","15.1 %","4.2 %","10.9 %",".263","1.25",".298","71.4 %","84","80","102","3.54","3.30","0.23","4.29","4.07","4020"
"Jake Diekman","Rangers","11.81","7.88","1.50","0.00","27.6 %","18.4 %","9.2 %",".180","1.56",".275","73.1 %","75","78","110","3.38","3.31","0.07","4.63","4.57","5003"
"Luke Weaver","Cardinals","7.99","3.23","2.47","0.57","21.0 %","8.5 %","12.5 %",".236","1.27",".292","66.9 %","114","83","107","4.37","3.31","1.06","4.27","4.28","16918"
"Tyler Skaggs","Angels","9.54","2.88","3.31","0.90","25.4 %","7.7 %","17.7 %",".240","1.24",".306","83.9 %","70","81","82","2.88","3.32","-0.44","3.45","3.56","10190"
"Steve Cishek","Cubs","8.57","5.14","1.67","0.00","22.7 %","13.6 %","9.1 %",".164","1.14",".226","81.5 %","44","83","113","1.71","3.36","-1.65","4.52","4.26","6483"
"Carlos Martinez","Cardinals","8.46","3.96","2.14","0.18","22.4 %","10.5 %","11.9 %",".179","1.08",".237","82.8 %","42","85","109","1.62","3.36","-1.74","4.34","4.23","11682"
"Yoshihisa Hirano","Diamondbacks","7.97","2.21","3.60","0.89","24.3 %","6.8 %","17.6 %",".159","0.79",".184","83.3 %","56","84","88","2.21","3.37","-1.16","3.53","3.32","19756"
"Charlie Morton","Astros","11.32","2.91","3.89","1.13","32.1 %","8.3 %","23.9 %",".173","0.93",".225","92.9 %","47","81","66","1.94","3.37","-1.43","2.73","2.90","4676"
"Marco Gonzales","Mariners","8.35","1.75","4.78","0.97","21.4 %","4.5 %","16.9 %",".311","1.47",".380","71.4 %","113","82","78","4.66","3.38","1.28","3.28","3.60","15467"
"Odrisamer Despaigne","Marlins","7.36","2.45","3.00","0.61","19.4 %","6.5 %","12.9 %",".281","1.36",".341","51.0 %","161","87","99","6.14","3.39","2.74","3.95","4.03","16017"
"Tayron Guerrero","Marlins","13.08","5.06","2.58","0.84","31.6 %","12.2 %","19.4 %",".238","1.50",".353","70.5 %","122","87","77","4.64","3.40","1.24","3.10","3.13","11691"
"Ryan Buchter","Athletics","9.28","3.38","2.75","0.84","23.9 %","8.7 %","15.2 %",".238","1.31",".300","79.4 %","40","83","99","1.69","3.40","-1.72","4.16","3.74","9456"
"Drew Steckenrider","Marlins","12.60","4.50","2.80","0.90","31.8 %","11.4 %","20.5 %",".250","1.45",".370","63.8 %","154","88","83","5.85","3.42","2.43","3.34","3.12","18806"
"Elieser Hernandez","Marlins","4.15","0.69","6.00","0.69","11.8 %","2.0 %","9.8 %",".280","1.15",".302","88.2 %","55","88","111","2.08","3.43","-1.35","4.43","4.66","16933"
"Alex Claudio","Rangers","3.63","0.81","4.50","0.40","8.7 %","1.9 %","6.7 %",".370","1.75",".400","70.7 %","108","81","94","4.84","3.44","1.40","3.94","3.51","12890"
"Tyson Ross","Padres","9.22","3.69","2.50","0.67","24.3 %","9.7 %","14.6 %",".209","1.19",".268","73.3 %","90","87","93","3.35","3.44","-0.08","3.71","3.95","7872"
"Matt Albers","Brewers","6.95","1.64","4.25","0.82","20.0 %","4.7 %","15.3 %",".213","0.95",".246","93.8 %","31","83","93","1.23","3.44","-2.21","3.74","3.49","4300"
"Chris Martin","Rangers","9.00","1.80","5.00","1.20","23.8 %","4.8 %","19.1 %",".283","1.33",".349","69.8 %","107","81","72","4.80","3.46","1.34","3.02","3.09","11847"
"AJ Ramos","Mets","10.00","5.50","1.82","0.50","26.7 %","14.7 %","12.0 %",".203","1.33",".279","66.4 %","121","87","116","4.50","3.46","1.04","4.63","4.24","8350"
"Kevin McCarthy","Royals","5.60","2.04","2.75","0.51","15.3 %","5.6 %","9.7 %",".269","1.25",".309","69.4 %","70","84","81","3.06","3.46","-0.41","3.37","3.31","15240"
"Edubray Ramos","Phillies","11.21","4.08","2.75","1.02","31.9 %","11.6 %","20.3 %",".213","1.19",".297","98.9 %","26","84","86","1.02","3.46","-2.44","3.46","3.16","16086"
"Michael Wacha","Cardinals","7.97","3.81","2.10","0.54","21.0 %","10.0 %","11.0 %",".234","1.31",".291","76.1 %","81","87","99","3.08","3.46","-0.38","3.95","4.41","14078"
"Andrew Miller","Indians","16.20","6.94","2.33","0.77","38.9 %","16.7 %","22.2 %",".209","1.54",".381","86.0 %","70","83","76","3.09","3.47","-0.38","3.19","3.18","6785"
"Wade Davis","Rockies","10.18","3.98","2.56","0.89","29.1 %","11.4 %","17.7 %",".171","1.03",".222","82.4 %","59","81","93","2.66","3.47","-0.81","3.71","3.41","7441"
"Carlos Carrasco","Indians","8.51","1.89","4.50","1.08","23.9 %","5.3 %","18.6 %",".229","1.07",".275","72.4 %","83","83","83","3.65","3.47","0.18","3.47","3.58","6632"
"Daniel Mengden","Athletics","5.97","0.94","6.33","0.94","16.1 %","2.5 %","13.6 %",".243","1.08",".269","67.2 %","78","84","97","3.30","3.47","-0.17","4.09","4.28","16980"
"Blake Parker","Angels","10.32","2.78","3.71","1.19","27.7 %","7.5 %","20.2 %",".241","1.24",".310","88.2 %","67","85","85","2.78","3.48","-0.70","3.55","3.14","5224"
"Adam Warren","Yankees","11.88","4.32","2.75","1.08","28.2 %","10.3 %","18.0 %",".286","1.68",".391","87.3 %","75","80","79","3.24","3.48","-0.24","3.29","3.23","9029"
"Keone Kela","Rangers","10.69","3.38","3.17","1.13","27.5 %","8.7 %","18.8 %",".254","1.38",".333","67.7 %","113","82","98","5.06","3.50","1.57","4.11","3.41","14696"
"T.J. McFarland","Diamondbacks","4.60","1.53","3.00","0.61","12.9 %","4.3 %","8.6 %",".234","1.06",".255","85.1 %","47","87","96","1.84","3.50","-1.66","3.83","3.75","3237"
"Zack Greinke","Diamondbacks","9.94","1.04","9.57","1.48","27.8 %","2.9 %","24.9 %",".228","0.99",".277","77.1 %","95","87","74","3.71","3.50","0.21","2.99","2.93","1943"
"Jesse Biddle","Braves","9.00","4.15","2.17","0.69","23.6 %","10.9 %","12.7 %",".245","1.38",".314","84.3 %","71","88","84","2.77","3.51","-0.74","3.38","3.43","11437"
"Ariel Miranda","Mariners","9.00","7.20","1.25","0.00","20.8 %","16.7 %","4.2 %",".300","2.00",".400","90.0 %","44","86","114","1.80","3.52","-1.72","4.82","5.43","17526"
"Jake Arrieta","Phillies","5.64","3.22","1.75","0.40","15.6 %","8.9 %","6.7 %",".213","1.14",".246","64.3 %","72","85","106","2.82","3.53","-0.70","4.25","4.57","4153"
"Mike Foltynewicz","Braves","10.53","4.42","2.38","0.85","27.1 %","11.4 %","15.7 %",".223","1.34",".296","80.0 %","70","89","96","2.72","3.54","-0.82","3.84","3.98","10811"
"Anibal Sanchez","Braves","9.00","3.86","2.33","0.64","24.1 %","10.3 %","13.8 %",".216","1.21",".278","96.4 %","33","90","97","1.29","3.55","-2.27","3.90","4.03","3284"
"Hunter Wood","Rays","3.86","3.86","1.00","0.00","8.3 %","8.3 %","0.0 %",".364","2.14",".400","80.0 %","93","87","117","3.86","3.55","0.31","4.94","4.93","15091"
"Ariel Jurado","Rangers","3.86","3.86","1.00","0.00","9.1 %","9.1 %","0.0 %",".300","1.71",".333","50.0 %","172","83","134","7.71","3.55","4.16","5.64","5.64","17030"
"Brad Keller","Royals","4.91","2.45","2.00","0.49","13.5 %","6.8 %","6.8 %",".232","1.15",".259","86.7 %","45","87","95","1.96","3.56","-1.59","4.00","3.83","15734"
"Pedro Baez","Dodgers","11.69","5.24","2.23","0.81","27.6 %","12.4 %","15.2 %",".264","1.66",".367","79.6 %","97","91","106","3.63","3.57","0.06","4.22","3.72","5420"
"Jim Johnson","Angels","7.88","3.38","2.33","0.75","20.4 %","8.7 %","11.7 %",".266","1.42",".324","64.1 %","100","87","101","4.13","3.58","0.54","4.26","4.00","3656"
"Corey Kluber","Indians","8.83","1.24","7.10","1.37","26.0 %","3.7 %","22.3 %",".195","0.84",".222","88.0 %","54","86","71","2.36","3.59","-1.23","2.94","3.07","2429"
"Wade LeBlanc","Mariners","7.15","1.32","5.40","1.06","19.6 %","3.6 %","15.9 %",".250","1.12",".287","86.8 %","64","87","105","2.65","3.59","-0.95","4.40","3.97","5221"
"Pierce Johnson","Giants","6.26","3.91","1.60","0.39","17.4 %","10.9 %","6.5 %",".207","1.17",".246","54.7 %","136","95","122","5.09","3.60","1.49","4.87","4.66","13435"
"Dylan Covey","White Sox","4.50","4.50","1.00","0.00","11.1 %","11.1 %","0.0 %",".292","1.67",".333","60.0 %","142","85","118","6.00","3.62","2.38","4.98","5.44","14825"
"Heath Hembree","Red Sox","10.64","3.27","3.25","1.23","26.5 %","8.2 %","18.4 %",".267","1.45",".344","71.9 %","111","88","81","4.91","3.62","1.29","3.40","3.18","11632"
"Casey Lawrence","Mariners","7.88","4.50","1.75","0.00","18.0 %","10.3 %","7.7 %",".303","1.75",".385","43.8 %","246","88","134","10.13","3.62","6.50","5.65","4.50","11121"
"Fernando Romero","Twins","9.14","4.57","2.00","0.42","24.4 %","12.2 %","12.2 %",".184","1.15",".245","86.5 %","38","86","101","1.66","3.63","-1.97","4.23","4.25","15885"
"Tim Hill","Royals","7.90","3.29","2.40","0.66","20.7 %","8.6 %","12.1 %",".231","1.24",".282","72.3 %","76","89","89","3.29","3.63","-0.34","3.75","3.53","16814"
"Craig Kimbrel","Red Sox","12.57","1.86","6.75","1.86","38.0 %","5.6 %","32.4 %",".149","0.72",".167","100.0 %","52","89","65","2.33","3.64","-1.31","2.71","1.96","6655"
"Kyle Gibson","Twins","9.90","4.68","2.12","0.72","25.6 %","12.1 %","13.5 %",".214","1.32",".281","72.1 %","90","86","96","3.96","3.64","0.32","4.03","4.21","10123"
"Reyes Moronta","Giants","9.43","6.00","1.57","0.43","24.4 %","15.6 %","8.9 %",".171","1.29",".226","85.9 %","34","96","125","1.29","3.65","-2.36","4.96","4.55","14966"
"Louis Coleman","Tigers","4.76","3.18","1.50","0.00","14.3 %","9.5 %","4.8 %",".167","0.88",".200","100.0 %","0","86","94","0.00","3.65","-3.65","3.94","4.39","9720"
"Addison Reed","Twins","9.25","2.59","3.57","1.11","26.0 %","7.3 %","18.8 %",".216","1.07",".267","87.7 %","59","86","109","2.59","3.66","-1.07","4.59","3.64","10586"
"Eddie Butler","Cubs","6.14","3.07","2.00","0.61","16.4 %","8.2 %","8.2 %",".214","1.16",".244","51.3 %","109","91","97","4.30","3.67","0.63","3.89","3.62","13453"
"Santiago Casilla","Athletics","6.30","4.95","1.27","0.00","17.3 %","13.6 %","3.7 %",".147","1.05",".185","65.2 %","86","89","137","3.60","3.67","-0.07","5.78","5.18","2873"
"Raisel Iglesias","Reds","11.22","3.32","3.38","1.25","32.5 %","9.6 %","22.9 %",".162","0.92",".205","95.2 %","53","90","82","2.08","3.68","-1.60","3.30","2.84","17130"
"Jose Berrios","Twins","8.66","1.76","4.92","1.17","24.5 %","5.0 %","19.5 %",".196","0.91",".228","69.7 %","87","87","86","3.82","3.68","0.14","3.62","3.50","14168"
"Carson Smith","Red Sox","11.30","3.77","3.00","1.26","28.1 %","9.4 %","18.8 %",".241","1.40",".316","81.4 %","85","89","75","3.77","3.68","0.09","3.11","3.07","13172"
"Clayton Kershaw","Dodgers","9.82","2.05","4.80","1.43","26.5 %","5.5 %","21.0 %",".234","1.14",".284","89.6 %","76","94","73","2.86","3.69","-0.83","2.95","3.25","2036"
"Cody Allen","Indians","9.95","3.79","2.63","0.95","26.3 %","10.0 %","16.3 %",".225","1.26",".292","81.1 %","76","88","110","3.32","3.70","-0.39","4.64","3.81","12183"
"Stephen Strasburg","Nationals","10.07","2.28","4.41","1.34","27.9 %","6.3 %","21.6 %",".217","1.06",".268","76.7 %","85","94","78","3.36","3.72","-0.36","3.14","3.22","10131"
"Jackson Stephens","Reds","7.20","1.80","4.00","0.90","16.7 %","4.2 %","12.5 %",".333","1.70",".389","78.3 %","114","91","114","4.50","3.72","0.78","4.53","3.96","14420"
"Jose Urena","Marlins","7.06","2.20","3.21","0.78","18.7 %","5.8 %","12.9 %",".253","1.22",".298","66.7 %","120","96","103","4.55","3.73","0.82","4.10","4.01","11589"
"Junior Guerra","Brewers","8.72","4.25","2.05","0.64","23.0 %","11.2 %","11.8 %",".206","1.23",".261","78.7 %","74","91","114","2.98","3.74","-0.76","4.54","4.44","5702"
"Keynan Middleton","Angels","8.15","4.58","1.78","0.51","22.5 %","12.7 %","9.9 %",".230","1.30",".295","88.5 %","49","91","113","2.04","3.74","-1.71","4.76","4.37","15264"
"Kyle Freeland","Rockies","8.17","3.00","2.72","1.00","22.4 %","8.2 %","14.2 %",".219","1.15",".260","80.2 %","70","88","97","3.17","3.75","-0.59","3.87","4.02","16256"
"Wade Miley","Brewers","5.68","5.68","1.00","0.00","14.8 %","14.8 %","0.0 %",".174","1.26",".211","87.5 %","36","91","126","1.42","3.75","-2.33","5.04","5.74","8779"
"J.A. Happ","Blue Jays","11.42","2.25","5.08","1.56","30.7 %","6.1 %","24.7 %",".231","1.13",".298","74.9 %","96","89","71","4.15","3.76","0.40","2.97","2.90","7410"
"Yonny Chirinos","Rays","8.10","3.04","2.67","0.68","20.9 %","7.8 %","13.0 %",".245","1.28",".303","76.7 %","89","92","104","3.71","3.76","-0.05","4.37","4.15","16401"
"Luis Perdomo","Padres","10.93","5.79","1.89","0.64","22.1 %","11.7 %","10.4 %",".388","2.50",".510","60.7 %","224","96","109","8.36","3.77","4.59","4.34","4.53","14682"
"Juan Nicasio","Mariners","9.14","0.83","11.00","1.66","24.2 %","2.2 %","22.0 %",".303","1.34",".365","64.1 %","141","91","88","5.82","3.77","2.05","3.69","3.06","7731"
"Robert Gsellman","Mets","8.59","3.38","2.55","0.92","23.3 %","9.2 %","14.2 %",".222","1.19",".273","81.8 %","74","95","87","2.76","3.77","-1.01","3.49","3.41","13696"
"Peter Moylan","Braves","9.39","7.63","1.23","0.00","21.9 %","17.8 %","4.1 %",".339","2.15",".465","85.3 %","75","95","102","2.93","3.77","-0.84","4.09","4.68","4891"
"Clayton Richard","Padres","7.67","3.10","2.48","0.89","20.2 %","8.1 %","12.0 %",".271","1.39",".326","67.0 %","130","96","87","4.87","3.78","1.09","3.48","3.90","3551"
"Blake Snell","Rays","9.36","2.91","3.21","1.23","26.2 %","8.2 %","18.0 %",".196","1.04",".234","82.3 %","74","92","90","3.07","3.79","-0.72","3.79","3.71","13543"
"Eduardo Rodriguez","Red Sox","10.88","3.00","3.63","1.31","28.2 %","7.8 %","20.4 %",".235","1.25",".303","77.1 %","93","92","91","4.13","3.79","0.34","3.82","3.44","13164"
"Chad Bell","Tigers","8.59","2.45","3.50","1.23","19.4 %","5.6 %","13.9 %",".412","2.18",".500","61.6 %","197","89","85","8.59","3.80","4.79","3.58","3.58","10297"
"Matt Shoemaker","Angels","6.35","6.35","1.00","0.00","16.7 %","16.7 %","0.0 %",".200","1.41",".250","62.5 %","115","93","118","4.76","3.83","0.94","4.97","5.85","4776"
"Seung Hwan Oh","Blue Jays","9.00","2.14","4.20","1.29","23.6 %","5.6 %","18.0 %",".229","1.14",".271","91.4 %","59","91","102","2.57","3.84","-1.27","4.30","3.49","18719"
"Jerry Blevins","Mets","6.48","6.48","1.00","0.00","16.2 %","16.2 %","0.0 %",".226","1.56",".280","61.5 %","145","96","171","5.40","3.84","1.56","6.77","6.12","7841"
"Nate Jones","White Sox","10.00","3.50","2.86","1.00","25.6 %","9.0 %","16.7 %",".217","1.22",".277","80.2 %","83","90","98","3.50","3.84","-0.34","4.11","3.46","4696"
"Kyle Barraclough","Marlins","10.80","4.98","2.17","0.83","29.2 %","13.5 %","15.7 %",".107","0.92",".128","88.5 %","44","99","95","1.66","3.86","-2.20","3.79","3.64","13713"
"Domingo German","Yankees","9.95","4.26","2.33","1.07","26.7 %","11.4 %","15.2 %",".215","1.26",".274","71.9 %","99","89","92","4.26","3.87","0.39","3.87","3.85","17149"
"Brian Duensing","Cubs","6.75","6.14","1.10","0.00","18.0 %","16.4 %","1.6 %",".160","1.23",".205","94.7 %","16","96","128","0.61","3.87","-3.26","5.09","5.34","4064"
"Sean Manaea","Athletics","6.92","1.49","4.64","1.09","19.8 %","4.3 %","15.5 %",".190","0.86",".208","78.7 %","65","94","92","2.71","3.88","-1.16","3.85","3.91","15873"
"Taijuan Walker","Diamondbacks","6.23","3.46","1.80","0.69","16.1 %","8.9 %","7.1 %",".294","1.54",".341","80.7 %","88","97","110","3.46","3.89","-0.43","4.39","4.86","11836"
"Jordan Lyles","Padres","8.60","2.63","3.27","1.19","24.0 %","7.3 %","16.7 %",".196","1.01",".227","78.1 %","83","99","104","3.11","3.89","-0.79","4.15","3.69","7593"
"CC Sabathia","Yankees","7.19","1.96","3.67","1.09","19.1 %","5.2 %","13.9 %",".222","1.09",".250","75.0 %","55","90","101","2.40","3.90","-1.50","4.25","4.11","404"
"Ryan Yarbrough","Rays","7.75","3.10","2.50","0.89","20.7 %","8.3 %","12.4 %",".204","1.11",".239","68.4 %","85","96","112","3.54","3.93","-0.39","4.73","4.19","16502"
"Garrett Richards","Angels","10.22","4.05","2.52","1.16","27.0 %","10.7 %","16.3 %",".207","1.22",".261","68.6 %","84","96","84","3.47","3.94","-0.47","3.52","3.72","9784"
"Arodys Vizcaino","Braves","9.15","4.35","2.10","0.87","24.4 %","11.6 %","12.8 %",".187","1.16",".231","85.6 %","67","100","117","2.61","3.94","-1.33","4.65","4.13","5498"
"Tanner Roark","Nationals","8.18","2.62","3.12","1.08","22.8 %","7.3 %","15.5 %",".199","1.01",".232","75.2 %","86","100","101","3.39","3.95","-0.55","4.03","3.93","8753"
"A.J. Minter","Braves","8.53","5.68","1.50","0.47","21.4 %","14.3 %","7.1 %",".254","1.58",".327","84.5 %","73","100","117","2.84","3.96","-1.12","4.65","4.69","18655"
"Ivan Nova","Pirates","6.87","1.28","5.38","1.28","17.8 %","3.3 %","14.5 %",".284","1.31",".320","64.8 %","125","101","93","4.79","3.97","0.82","3.71","3.86","1994"
"Matt Wisler","Braves","6.75","2.60","2.60","1.04","18.6 %","7.1 %","11.4 %",".246","1.21",".280","76.9 %","93","101","119","3.63","3.99","-0.35","4.74","4.71","12804"
"Josh Fields","Dodgers","7.89","2.49","3.17","1.25","22.6 %","7.1 %","15.5 %",".192","0.97",".214","95.2 %","55","102","113","2.08","4.00","-1.92","4.52","3.94","5070"
"Jordan Zimmermann","Tigers","9.19","2.59","3.56","1.44","23.7 %","6.7 %","17.0 %",".254","1.31",".303","61.8 %","112","94","100","4.88","4.02","0.87","4.22","3.99","4505"
"David Price","Red Sox","8.06","3.33","2.42","1.05","21.6 %","8.9 %","12.7 %",".238","1.27",".284","66.0 %","99","98","105","4.38","4.02","0.36","4.43","4.31","3184"
"Chris Volstad","White Sox","7.13","2.25","3.17","1.13","18.3 %","5.8 %","12.5 %",".309","1.50",".360","79.3 %","97","95","90","4.13","4.04","0.09","3.77","3.39","9901"
"Fernando Salas","Diamondbacks","7.13","2.63","2.71","1.13","18.8 %","6.9 %","11.9 %",".266","1.33",".306","68.4 %","124","101","111","4.88","4.04","0.84","4.44","4.05","4971"
"Merandy Gonzalez","Marlins","7.62","4.85","1.57","0.69","17.5 %","11.1 %","6.4 %",".321","1.92",".386","76.3 %","127","104","130","4.85","4.05","0.80","5.17","4.81","17313"
"Hector Velazquez","Red Sox","6.31","1.75","3.60","1.05","16.8 %","4.7 %","12.2 %",".270","1.25",".304","94.0 %","47","98","102","2.10","4.06","-1.95","4.31","4.09","19341"
"Zack Godley","Diamondbacks","8.43","3.96","2.13","1.03","21.7 %","10.2 %","11.5 %",".251","1.41",".304","74.7 %","96","102","96","3.78","4.06","-0.28","3.84","4.21","14862"
"Luis Garcia","Phillies","6.50","3.00","2.17","0.50","17.6 %","8.1 %","9.5 %",".172","0.94",".200","71.4 %","89","99","116","3.50","4.07","-0.57","4.61","4.11","6984"
"Michael Fulmer","Tigers","8.01","2.96","2.71","1.05","21.1 %","7.8 %","13.3 %",".244","1.26",".290","67.7 %","100","95","94","4.35","4.07","0.28","3.94","4.06","13218"
"Vince Velasquez","Phillies","10.46","3.04","3.44","1.52","27.1 %","7.9 %","19.2 %",".247","1.31",".309","71.4 %","112","99","97","4.37","4.07","0.30","3.87","3.62","11189"
"Tyler Chatwood","Cubs","8.37","7.12","1.18","0.21","21.5 %","18.3 %","3.2 %",".200","1.49",".266","77.4 %","80","102","126","3.14","4.08","-0.94","5.02","5.59","4338"
"Kenley Jansen","Dodgers","8.69","2.75","3.17","1.37","22.9 %","7.2 %","15.7 %",".208","1.12",".236","73.0 %","86","104","109","3.20","4.09","-0.88","4.34","3.73","3096"
"Adam Morgan","Phillies","10.32","6.35","1.63","0.79","26.5 %","16.3 %","10.2 %",".195","1.41",".259","82.2 %","61","99","106","2.38","4.09","-1.71","4.24","4.31","12580"
"Trevor Williams","Pirates","6.10","3.05","2.00","0.92","17.1 %","8.6 %","8.6 %",".206","1.08",".226","79.1 %","79","104","117","3.05","4.11","-1.05","4.68","4.84","16977"
"Sam Dyson","Giants","6.75","3.38","2.00","0.84","18.6 %","9.3 %","9.3 %",".208","1.13",".237","81.1 %","79","108","97","2.95","4.11","-1.15","3.88","3.72","11710"
"Bryan Shaw","Rockies","10.03","4.63","2.17","1.16","26.0 %","12.0 %","14.0 %",".261","1.50",".339","71.4 %","111","96","92","5.01","4.11","0.91","3.69","3.71","8110"
"Kris Medlen","Diamondbacks","9.00","9.00","1.00","0.00","16.0 %","16.0 %","0.0 %",".429","3.25",".529","46.2 %","402","103","155","15.75","4.12","11.63","6.15","5.86","9417"
"Clay Holmes","Pirates","9.00","9.00","1.00","0.00","22.2 %","22.2 %","0.0 %",".286","2.00",".400","75.0 %","117","105","103","4.50","4.12","0.38","4.12","4.91","13649"
"Rob Zastryzny","Cubs","9.00","4.50","2.00","0.00","25.0 %","12.5 %","12.5 %",".167","1.00",".250","100.0 %","0","103","103","0.00","4.12","-4.12","4.12","3.16","15094"
"Yacksel Rios","Phillies","9.53","3.71","2.57","1.06","22.8 %","8.9 %","13.9 %",".314","1.71",".400","74.5 %","135","100","98","5.29","4.12","1.17","3.93","3.62","15007"
"Eric Stout","Royals","9.00","9.00","1.00","0.00","16.7 %","16.7 %","0.0 %",".400","3.00",".500","33.3 %","311","100","98","13.50","4.12","9.38","4.12","4.90","16873"
"Ty Blach","Giants","4.21","2.97","1.42","0.62","10.8 %","7.6 %","3.2 %",".290","1.49",".315","67.6 %","117","109","111","4.37","4.13","0.24","4.44","4.78","14361"
"Steven Brault","Pirates","7.61","4.42","1.72","0.74","19.8 %","11.5 %","8.3 %",".226","1.34",".272","68.4 %","115","105","121","4.42","4.13","0.29","4.84","4.72","15291"
"Chasen Bradford","Mariners","6.75","2.08","3.25","1.04","18.3 %","5.6 %","12.7 %",".200","0.98",".220","86.4 %","63","101","99","2.60","4.16","-1.56","4.16","3.60","12452"
"James Shields","White Sox","5.86","4.07","1.44","0.65","15.3 %","10.6 %","4.7 %",".224","1.30",".253","63.8 %","115","98","123","4.88","4.17","0.71","5.20","5.31","7059"
"Robbie Ray","Diamondbacks","14.64","5.53","2.65","1.63","36.3 %","13.7 %","22.6 %",".236","1.52",".357","75.0 %","124","104","83","4.88","4.17","0.71","3.35","3.37","11486"
"Miguel Castro","Orioles","6.04","4.13","1.46","0.64","16.0 %","10.9 %","5.0 %",".229","1.31",".262","76.7 %","73","96","116","3.18","4.18","-1.00","4.87","4.68","15684"
"Wandy Peralta","Reds","7.15","7.54","0.95","0.00","17.1 %","18.1 %","-1.0 %",".224","1.68",".284","71.8 %","91","103","138","3.57","4.18","-0.61","5.47","5.68","14295"
"Jordan Montgomery","Yankees","7.57","3.95","1.92","0.99","19.8 %","10.3 %","9.5 %",".240","1.35",".282","79.3 %","84","96","109","3.62","4.18","-0.56","4.60","4.65","16511"
"Buck Farmer","Tigers","10.02","6.10","1.64","0.87","24.7 %","15.1 %","9.7 %",".278","1.74",".370","69.3 %","110","98","98","4.79","4.19","0.60","4.11","4.33","14814"
"Austin Brice","Reds","9.36","2.52","3.71","1.44","24.8 %","6.7 %","18.1 %",".240","1.20",".288","64.4 %","119","103","87","4.68","4.20","0.48","3.49","3.13","17237"
"Antonio Senzatela","Rockies","7.27","3.12","2.33","1.04","17.3 %","7.4 %","9.9 %",".311","1.67",".362","62.5 %","137","99","110","6.23","4.22","2.01","4.41","3.89","15488"
"Chris Archer","Rays","8.65","2.88","3.00","1.37","22.4 %","7.5 %","15.0 %",".262","1.35",".311","69.2 %","120","103","93","5.01","4.23","0.77","3.91","3.97","6345"
"Joey Lucchesi","Padres","9.13","2.85","3.20","1.52","24.9 %","7.8 %","17.1 %",".242","1.23",".287","83.3 %","87","108","89","3.23","4.24","-1.01","3.55","3.73","19320"
"Jonny Venters","Rays","5.63","2.25","2.50","1.13","16.7 %","6.7 %","10.0 %",".143","0.75",".136","100.0 %","27","103","82","1.13","4.25","-3.12","3.43","2.87","7175"
"Dallas Keuchel","Astros","6.86","2.43","2.82","1.29","18.6 %","6.6 %","12.0 %",".228","1.14",".250","79.1 %","83","102","88","3.43","4.27","-0.84","3.70","3.89","9434"
"Jameson Taillon","Pirates","7.94","2.98","2.67","1.19","20.8 %","7.8 %","13.0 %",".241","1.26",".281","77.5 %","103","109","100","3.97","4.27","-0.30","4.02","4.07","11674"
"Brad Ziegler","Marlins","6.30","1.35","4.67","1.35","15.7 %","3.4 %","12.4 %",".318","1.50",".353","52.2 %","189","110","78","7.20","4.27","2.93","3.13","2.53","7293"
"Brent Suter","Brewers","6.80","1.89","3.60","1.32","17.3 %","4.8 %","12.5 %",".276","1.34",".307","71.2 %","118","104","103","4.72","4.28","0.44","4.10","4.31","13942"
"Chasen Shreve","Yankees","12.12","3.86","3.14","1.65","30.1 %","9.6 %","20.6 %",".215","1.29",".275","61.8 %","77","98","83","3.31","4.29","-0.98","3.49","3.05","10855"
"Justin Anderson","Angels","13.50","5.25","2.57","1.50","33.3 %","13.0 %","20.4 %",".239","1.50",".346","80.3 %","109","104","80","4.50","4.29","0.21","3.34","3.17","16201"
"Mike Montgomery","Cubs","5.09","3.13","1.63","0.78","13.7 %","8.4 %","5.3 %",".244","1.26",".268","77.2 %","89","107","104","3.52","4.30","-0.77","4.15","3.87","4869"
"Tyler Beede","Giants","10.57","9.39","1.13","0.00","22.5 %","20.0 %","2.5 %",".290","2.22",".409","61.1 %","219","114","140","8.22","4.30","3.92","5.57","5.78","16981"
"Eduardo Paredes","Angels","6.75","3.86","1.75","0.96","15.6 %","8.9 %","6.7 %",".341","1.93",".394","60.2 %","186","104","106","7.71","4.30","3.41","4.47","4.28","16344"
"German Marquez","Rockies","8.53","3.91","2.18","1.07","20.9 %","9.6 %","11.3 %",".265","1.50",".320","71.2 %","102","101","109","4.62","4.31","0.31","4.34","4.37","15038"
"Ryan Tepera","Blue Jays","10.38","2.91","3.57","1.66","29.8 %","8.3 %","21.4 %",".237","1.15",".298","93.1 %","67","102","80","2.91","4.32","-1.41","3.35","2.93","10291"
"Fernando Rodney","Twins","8.10","3.78","2.14","1.08","21.1 %","9.9 %","11.3 %",".222","1.26",".261","78.1 %","62","102","105","2.70","4.32","-1.62","4.42","4.04","494"
"Kyle Hendricks","Cubs","7.11","1.78","4.00","1.46","19.5 %","4.9 %","14.6 %",".230","1.08",".250","79.0 %","86","108","91","3.40","4.34","-0.95","3.64","3.83","12049"
"Scott Alexander","Dodgers","7.16","6.06","1.18","0.55","19.1 %","16.2 %","2.9 %",".228","1.47",".279","70.8 %","118","111","109","4.41","4.35","0.06","4.35","4.68","10591"
"Blaine Hardy","Tigers","7.62","2.08","3.67","1.38","19.3 %","5.3 %","14.0 %",".302","1.46",".350","87.2 %","79","102","124","3.46","4.35","-0.89","5.23","4.89","6499"
"Chad Bettis","Rockies","5.73","3.11","1.84","0.98","15.8 %","8.6 %","7.2 %",".234","1.20",".256","80.2 %","72","102","111","3.27","4.36","-1.09","4.45","4.81","10587"
"Jon Lester","Cubs","7.92","3.78","2.10","1.08","21.2 %","10.1 %","11.1 %",".217","1.22",".254","82.7 %","64","109","113","2.52","4.36","-1.84","4.49","4.51","4930"
"Jesse Chavez","Rangers","9.31","1.86","5.00","1.86","23.6 %","4.7 %","18.9 %",".289","1.41",".341","79.8 %","104","102","80","4.66","4.36","0.29","3.35","3.10","5448"
"Darren O'Day","Orioles","11.30","1.26","9.00","1.88","30.5 %","3.4 %","27.1 %",".222","0.98",".273","78.1 %","87","101","88","3.77","4.38","-0.61","3.70","2.57","3321"
"Dan Otero","Indians","8.04","1.15","7.00","1.72","20.0 %","2.9 %","17.1 %",".269","1.28",".300","35.7 %","171","104","80","7.47","4.40","3.07","3.36","2.91","7385"
"Daniel Stumpf","Tigers","7.47","6.32","1.18","0.57","16.7 %","14.1 %","2.6 %",".313","2.04",".377","68.6 %","145","103","129","6.32","4.40","1.92","5.44","5.27","13780"
"Luiz Gohara","Braves","6.43","2.57","2.50","1.29","20.0 %","8.0 %","12.0 %",".087","0.57",".059","100.0 %","33","112","146","1.29","4.41","-3.12","5.80","5.82","15166"
"Ian Kennedy","Royals","8.54","2.91","2.94","1.54","21.0 %","7.1 %","13.9 %",".290","1.54",".340","70.2 %","122","107","101","5.30","4.41","0.88","4.23","4.24","6986"
"Chris Stratton","Giants","7.13","4.08","1.75","1.02","18.3 %","10.5 %","7.9 %",".260","1.45",".301","67.5 %","131","117","118","4.92","4.42","0.50","4.70","4.89","13761"
"Mike Minor","Rangers","8.57","2.05","4.18","1.49","21.9 %","5.2 %","16.7 %",".275","1.32",".324","68.0 %","125","103","104","5.59","4.43","1.16","4.36","3.88","10021"
"Jhoulys Chacin","Brewers","6.23","3.98","1.57","0.87","16.1 %","10.3 %","5.8 %",".231","1.33",".259","73.4 %","91","108","125","3.63","4.43","-0.80","4.96","5.11","2608"
"Matt Belisle","Indians","3.38","0.84","4.00","0.84","9.1 %","2.3 %","6.8 %",".220","0.94",".222","56.6 %","116","105","120","5.06","4.43","0.63","5.04","4.58","1837"
"Jorge Lopez","Brewers","7.56","4.32","1.75","1.08","19.4 %","11.1 %","8.3 %",".250","1.44",".292","75.5 %","108","108","106","4.32","4.44","-0.12","4.25","4.15","14527"
"Gregory Infante","White Sox","6.00","8.00","0.75","0.00","14.3 %","19.1 %","-4.8 %",".353","2.22",".429","60.0 %","189","104","148","8.00","4.46","3.54","6.26","6.40","9119"
"Andrew Suarez","Giants","9.11","1.63","5.60","1.95","25.0 %","4.5 %","20.5 %",".280","1.27",".329","67.7 %","130","118","80","4.88","4.46","0.42","3.23","3.32","18300"
"Daniel Coulombe","Athletics","10.47","3.86","2.71","1.65","29.2 %","10.8 %","18.5 %",".241","1.29",".306","65.5 %","118","108","76","4.96","4.47","0.49","3.18","3.23","13293"
"Jake Petricka","Blue Jays","6.75","2.70","2.50","1.35","12.8 %","5.1 %","7.7 %",".459","2.85",".516","56.8 %","156","105","95","6.75","4.47","2.28","3.98","3.72","10534"
"Shane Greene","Tigers","10.55","3.38","3.13","1.69","26.3 %","8.4 %","17.9 %",".244","1.36",".298","69.7 %","97","105","90","4.22","4.48","-0.26","3.80","3.29","10756"
"J.T. Chargois","Dodgers","11.25","6.19","1.82","1.13","27.8 %","15.3 %","12.5 %",".267","1.69",".368","79.4 %","120","115","97","4.50","4.50","0.00","3.89","3.97","13767"
"Dominic Leone","Cardinals","10.38","2.08","5.00","2.08","27.3 %","5.5 %","21.8 %",".288","1.38",".353","87.0 %","109","114","84","4.15","4.51","-0.35","3.38","3.04","13763"
"Brandon Mann","Rangers","1.80","3.60","0.50","0.00","5.0 %","10.0 %","-5.0 %",".118","0.80",".125","100.0 %","0","105","199","0.00","4.52","-4.52","8.42","8.34","5172"
"Brian Johnson","Red Sox","8.59","2.86","3.00","1.64","21.9 %","7.3 %","14.6 %",".281","1.45",".328","68.2 %","129","110","101","5.73","4.53","1.20","4.23","3.89","14272"
"Tyler Anderson","Rockies","8.57","3.47","2.47","1.46","22.4 %","9.1 %","13.3 %",".247","1.34",".289","68.1 %","105","107","105","4.74","4.54","0.20","4.18","4.24","12880"
"Kevin Gausman","Orioles","7.76","2.26","3.43","1.62","20.4 %","6.0 %","14.5 %",".259","1.28",".290","82.8 %","90","104","94","3.88","4.54","-0.66","3.96","4.00","14107"
"Francisco Liriano","Tigers","6.32","4.44","1.42","0.85","17.6 %","12.4 %","5.2 %",".192","1.16",".214","76.8 %","78","106","119","3.42","4.55","-1.13","5.01","5.21","3201"
"Brandon McCarthy","Braves","7.38","3.30","2.24","1.36","18.5 %","8.3 %","10.2 %",".312","1.64",".361","72.5 %","130","115","93","5.05","4.55","0.50","3.74","4.26","4662"
"Tyler Clippard","Blue Jays","10.27","4.56","2.25","1.52","28.4 %","12.6 %","15.8 %",".169","1.10",".192","98.0 %","44","107","110","1.90","4.56","-2.66","4.63","3.98","5640"
"Blake Wood","Angels","7.71","5.40","1.43","0.77","21.3 %","14.9 %","6.4 %",".205","1.29",".250","89.0 %","56","111","112","2.31","4.58","-2.27","4.72","4.57","1345"
"Marcus Stroman","Blue Jays","7.71","4.34","1.78","1.21","18.2 %","10.2 %","8.0 %",".291","1.71",".339","52.6 %","178","108","95","7.71","4.60","3.12","3.99","4.26","13431"
"Zack Wheeler","Mets","9.00","4.03","2.24","1.42","22.0 %","9.8 %","12.1 %",".271","1.55",".324","67.8 %","159","116","106","5.92","4.60","1.33","4.25","4.28","10310"
"Hector Neris","Phillies","10.50","4.50","2.33","1.50","27.3 %","11.7 %","15.6 %",".224","1.33",".279","76.9 %","115","112","104","4.50","4.62","-0.12","4.17","3.66","11804"
"Mike Wright","Orioles","7.13","5.25","1.36","0.75","16.0 %","11.8 %","4.2 %",".320","1.96",".378","54.1 %","182","106","132","7.88","4.62","3.25","5.57","5.14","12586"
"Chaz Roe","Rays","10.59","2.65","4.00","1.59","27.8 %","6.9 %","20.8 %",".254","1.24",".325","76.9 %","114","113","90","4.76","4.65","0.11","3.79","2.97","9866"
"Anthony Banda","Rays","3.24","2.16","1.50","1.08","9.1 %","6.1 %","3.0 %",".290","1.32",".296","62.5 %","130","114","125","5.40","4.68","0.72","5.27","5.63","14706"
"Warwick Saupold","Tigers","3.78","4.32","0.88","0.54","9.5 %","10.8 %","-1.4 %",".246","1.44",".263","89.0 %","50","109","132","2.16","4.68","-2.52","5.56","5.54","13211"
"Sonny Gray","Yankees","7.24","4.89","1.48","0.98","17.2 %","11.6 %","5.6 %",".266","1.63",".308","70.0 %","127","107","118","5.48","4.69","0.79","4.97","5.08","12768"
"Corey Knebel","Brewers","11.74","1.17","10.00","2.35","35.7 %","3.6 %","32.1 %",".154","0.65",".143","62.5 %","117","114","58","4.70","4.69","0.01","2.36","1.68","15010"
"Jose Quintana","Cubs","8.38","4.66","1.80","1.30","21.1 %","11.7 %","9.4 %",".245","1.47",".287","71.9 %","113","117","111","4.47","4.69","-0.23","4.42","4.66","11423"
"Deck McGuire","Blue Jays","8.53","4.26","2.00","1.42","22.2 %","11.1 %","11.1 %",".208","1.26",".235","75.8 %","98","111","118","4.26","4.70","-0.44","4.96","4.44","11596"
"Eric Skoglund","Royals","6.95","2.38","2.92","1.39","18.0 %","6.2 %","11.9 %",".271","1.32",".304","61.6 %","142","114","108","6.15","4.71","1.44","4.53","4.36","16155"
"Ryan Dull","Athletics","9.90","3.60","2.75","1.80","24.4 %","8.9 %","15.6 %",".317","1.70",".393","70.4 %","150","114","89","6.30","4.72","1.58","3.75","3.61","13974"
"Doug Fister","Rangers","6.65","3.02","2.20","1.21","17.1 %","7.8 %","9.3 %",".266","1.37",".299","76.4 %","76","110","100","3.43","4.73","-1.31","4.22","4.41","9425"
"Dan Altavilla","Mariners","10.26","6.48","1.58","1.08","27.5 %","17.4 %","10.1 %",".161","1.26",".200","83.3 %","79","115","113","3.24","4.74","-1.50","4.74","4.47","16507"
"Jakob Junis","Royals","7.67","1.92","4.00","1.76","20.8 %","5.2 %","15.6 %",".227","1.08",".242","86.4 %","81","115","103","3.51","4.76","-1.24","4.32","4.02","13619"
"Andrew Triggs","Athletics","9.36","3.92","2.39","1.52","23.6 %","9.9 %","13.7 %",".230","1.33",".270","70.5 %","124","115","101","5.23","4.77","0.46","4.26","4.13","13533"
"Trevor Richards","Marlins","9.13","5.32","1.71","1.14","22.4 %","13.1 %","9.4 %",".242","1.52",".297","71.0 %","130","123","123","4.94","4.77","0.17","4.91","4.76","19309"
"Brian Flynn","Royals","4.70","3.52","1.33","0.78","11.3 %","8.5 %","2.8 %",".330","1.74",".363","74.6 %","108","116","133","4.70","4.77","-0.08","5.62","5.12","12027"
"Jason Hammel","Royals","4.58","2.72","1.69","1.19","11.4 %","6.8 %","4.7 %",".283","1.47",".297","59.3 %","145","116","125","6.28","4.78","1.50","5.27","5.32","4538"
"Chad Kuhl","Pirates","8.52","3.26","2.61","1.63","22.2 %","8.5 %","13.7 %",".266","1.39",".309","73.6 %","118","122","104","4.53","4.79","-0.26","4.17","4.19","14975"
"Brandon Woodruff","Brewers","8.83","3.63","2.43","1.56","21.3 %","8.8 %","12.5 %",".278","1.56",".327","63.0 %","169","117","104","6.75","4.80","1.95","4.14","4.00","16162"
"Reynaldo Lopez","White Sox","6.46","3.81","1.70","1.16","17.2 %","10.1 %","7.1 %",".199","1.16",".213","78.3 %","70","112","130","2.98","4.80","-1.82","5.48","5.18","16400"
"Cole Hamels","Rangers","9.93","3.66","2.71","1.57","25.1 %","9.3 %","15.9 %",".226","1.28",".271","81.1 %","78","112","97","3.48","4.81","-1.32","4.08","3.89","4972"
"Derek Holland","Giants","7.99","3.80","2.10","1.52","21.0 %","10.0 %","11.0 %",".222","1.27",".246","65.6 %","132","127","123","4.94","4.81","0.13","4.91","4.63","4141"
"Yu Darvish","Cubs","11.03","4.73","2.33","1.58","27.2 %","11.7 %","15.6 %",".232","1.43",".293","72.3 %","126","121","104","4.95","4.82","0.13","4.17","4.02","13074"
"Jake Odorizzi","Twins","9.17","3.83","2.39","1.67","24.4 %","10.2 %","14.2 %",".224","1.26",".257","87.3 %","72","113","111","3.17","4.83","-1.66","4.67","4.39","6397"
"Corey Oswalt","Mets","7.71","0.00","4.00","1.93","22.2 %","0.0 %","22.2 %",".118","0.43",".083","62.5 %","103","122","86","3.86","4.84","-0.98","3.44","2.79","13677"
"Masahiro Tanaka","Yankees","7.99","2.24","3.57","1.76","21.7 %","6.1 %","15.6 %",".225","1.10",".243","65.2 %","115","111","93","4.95","4.84","0.11","3.89","3.86","15764"
"Luis Castillo","Reds","8.77","3.51","2.50","1.75","22.1 %","8.9 %","13.3 %",".277","1.50",".322","69.8 %","142","120","99","5.61","4.88","0.73","3.96","4.09","15689"
"Mike Leake","Mariners","6.00","2.82","2.13","1.41","15.0 %","7.1 %","8.0 %",".298","1.53",".325","65.4 %","146","118","111","6.00","4.89","1.11","4.69","4.77","10130"
"Zach Davies","Brewers","6.62","3.18","2.08","1.32","17.2 %","8.3 %","9.0 %",".238","1.26",".260","74.4 %","106","119","115","4.24","4.89","-0.65","4.60","4.61","13183"
"Sergio Romo","Rays","12.54","4.34","2.89","1.93","31.0 %","10.7 %","20.2 %",".247","1.45",".326","85.5 %","104","119","94","4.34","4.89","-0.55","3.93","3.21","9817"
"Jordan Hicks","Cardinals","3.68","6.55","0.56","0.00","9.5 %","16.8 %","-7.4 %",".171","1.32",".194","81.3 %","54","124","153","2.05","4.89","-2.85","6.08","6.12","19618"
"Jake Faria","Rays","7.00","4.20","1.67","1.20","18.2 %","10.9 %","7.3 %",".226","1.31",".252","67.2 %","125","119","126","5.20","4.90","0.30","5.30","5.10","13699"
"Aaron Sanchez","Blue Jays","7.15","5.19","1.38","0.89","17.6 %","12.8 %","4.9 %",".250","1.53",".293","72.4 %","103","116","120","4.47","4.91","-0.44","5.04","5.04","11490"
"Austin Pruitt","Rays","4.43","2.66","1.67","1.33","11.6 %","7.0 %","4.7 %",".238","1.23",".239","48.1 %","138","120","123","5.75","4.94","0.81","5.18","4.89","15290"
"Justin Wilson","Cubs","10.90","8.31","1.31","1.04","26.9 %","20.5 %","6.4 %",".194","1.62",".256","83.3 %","92","124","134","3.63","4.97","-1.33","5.34","5.11","4301"
"Evan Marshall","Indians","6.75","10.13","0.67","0.00","14.3 %","21.4 %","-7.1 %",".273","2.25",".333","66.7 %","154","118","147","6.75","5.00","1.75","6.22","6.48","12297"
"Nick Tropeano","Angels","7.24","4.18","1.73","1.39","19.4 %","11.2 %","8.2 %",".246","1.36",".276","76.3 %","108","121","118","4.45","5.01","-0.56","4.96","4.91","12385"
"Matt Harvey","- - -","6.94","2.31","3.00","1.80","17.4 %","5.8 %","11.6 %",".283","1.43",".306","65.5 %","164","127","109","6.17","5.04","1.13","4.34","4.38","11713"
"Julio Teheran","Braves","7.83","4.00","1.96","1.50","21.0 %","10.7 %","10.3 %",".218","1.24",".241","78.4 %","107","128","122","4.17","5.05","-0.88","4.87","4.67","6797"
"Taylor Williams","Brewers","13.80","6.60","2.09","1.80","34.3 %","16.4 %","17.9 %",".164","1.33",".207","83.3 %","90","123","91","3.60","5.06","-1.46","3.65","3.60","14899"
"Matt Grace","Nationals","8.44","3.38","2.50","1.69","23.8 %","9.5 %","14.3 %",".162","0.94",".160","48.8 %","128","129","116","5.06","5.09","-0.03","4.63","3.78","11449"
"Tyler Lyons","Cardinals","9.26","3.86","2.40","1.54","21.4 %","8.9 %","12.5 %",".286","1.63",".343","71.4 %","161","129","121","6.17","5.09","1.08","4.81","4.05","11334"
"Dylan Bundy","Orioles","10.57","3.19","3.32","2.18","26.8 %","8.1 %","18.7 %",".262","1.40",".312","73.1 %","108","117","100","4.70","5.10","-0.40","4.19","3.71","12917"
"Ben Lively","Phillies","8.37","3.80","2.20","1.52","19.1 %","8.7 %","10.4 %",".333","1.86",".395","70.1 %","175","124","128","6.85","5.11","1.74","5.11","4.69","14932"
"Drew Pomeranz","Red Sox","8.79","5.02","1.75","1.57","21.1 %","12.0 %","9.0 %",".299","1.78",".357","70.5 %","134","124","117","5.97","5.11","0.85","4.94","4.81","11426"
"Alan Busenitz","Twins","15.75","4.50","3.50","2.25","31.8 %","9.1 %","22.7 %",".421","2.50",".636","83.3 %","154","120","93","6.75","5.12","1.63","3.90","2.84","15239"
"Jimmie Sherfy","Diamondbacks","4.50","9.00","0.50","0.00","12.5 %","25.0 %","-12.5 %",".000","1.00",".000","100.0 %","0","129","211","0.00","5.12","-5.12","8.37","8.68","15118"
"Jorge De La Rosa","Diamondbacks","5.51","4.41","1.25","1.10","14.3 %","11.4 %","2.9 %",".180","1.16",".184","75.6 %","98","129","134","3.86","5.14","-1.29","5.34","5.12","2047"
"Alex Wilson","Tigers","7.20","2.70","2.67","1.80","20.8 %","7.8 %","13.0 %",".200","1.00",".200","71.4 %","103","121","104","4.50","5.17","-0.67","4.36","3.89","9239"
"Zac Curtis","Phillies","8.44","11.81","0.71","0.00","18.5 %","25.9 %","-7.4 %",".250","2.25",".333","83.3 %","86","126","185","3.38","5.18","-1.81","7.32","7.16","16684"
"Pedro Araujo","Orioles","10.96","4.30","2.55","1.96","27.7 %","10.9 %","16.8 %",".239","1.39",".291","66.7 %","145","119","109","6.26","5.21","1.05","4.57","3.61","17697"
"Matt Moore","Rangers","7.13","4.54","1.57","1.30","15.7 %","10.0 %","5.7 %",".341","2.02",".390","60.3 %","178","121","135","7.99","5.21","2.78","5.72","5.18","1890"
"Bartolo Colon","Rangers","5.75","0.80","7.20","2.08","16.4 %","2.3 %","14.1 %",".221","0.92",".207","86.6 %","78","121","93","3.51","5.22","-1.70","3.89","3.93","375"
"Joe Smith","Astros","8.78","3.38","2.60","2.03","23.2 %","8.9 %","14.3 %",".275","1.43",".314","54.1 %","179","124","98","7.43","5.22","2.20","4.12","3.72","3281"
"Kazuhisa Makita","Padres","9.50","3.50","2.71","2.00","24.1 %","8.9 %","15.2 %",".268","1.44",".313","56.1 %","201","134","99","7.50","5.23","2.27","3.97","3.77","19757"
"Marco Estrada","Blue Jays","7.11","2.66","2.67","1.95","18.6 %","7.0 %","11.6 %",".275","1.38",".295","75.1 %","119","123","124","5.15","5.25","-0.10","5.22","4.88","1118"
"Yimi Garcia","Dodgers","5.79","1.93","3.00","1.93","14.3 %","4.8 %","9.5 %",".300","1.50",".313","35.7 %","206","135","115","7.71","5.27","2.45","4.57","4.31","12095"
"Daniel Norris","Tigers","10.57","5.28","2.00","1.76","24.7 %","12.3 %","12.3 %",".254","1.63",".310","73.4 %","135","123","108","5.87","5.27","0.60","4.53","4.19","13475"
"Alex Cobb","Orioles","4.79","1.77","2.71","1.77","11.3 %","4.2 %","7.1 %",".369","1.85",".388","62.9 %","152","121","106","6.56","5.28","1.28","4.46","4.55","6562"
"Daniel Hudson","Dodgers","6.91","5.65","1.22","1.26","17.5 %","14.3 %","3.2 %",".241","1.53",".268","62.5 %","151","135","127","5.65","5.29","0.37","5.06","5.16","7146"
"Felix Hernandez","Mariners","7.97","4.07","1.96","1.63","20.0 %","10.2 %","9.8 %",".251","1.43",".282","70.0 %","134","128","114","5.53","5.33","0.20","4.80","4.66","4772"
"Lance Lynn","Twins","9.88","6.99","1.41","1.45","22.8 %","16.1 %","6.7 %",".311","2.04",".394","66.6 %","171","125","108","7.47","5.35","2.13","4.56","5.06","2520"
"Luke Jackson","Braves","20.25","13.50","1.50","0.00","37.5 %","25.0 %","12.5 %",".200","2.25",".500","50.0 %","347","137","166","13.50","5.37","8.13","6.59","4.78","11752"
"Tyler Mahle","Reds","8.72","3.02","2.89","2.18","22.6 %","7.8 %","14.8 %",".261","1.36",".288","82.4 %","115","133","100","4.53","5.40","-0.87","4.00","4.06","16358"
"Andrew Kittredge","Rays","5.94","3.78","1.57","1.62","13.4 %","8.5 %","4.9 %",".347","1.98",".377","48.6 %","233","131","108","9.72","5.40","4.32","4.52","4.54","12828"
"Luke Gregerson","Cardinals","8.64","3.24","2.67","2.16","22.9 %","8.6 %","14.3 %",".250","1.32",".273","36.6 %","226","137","81","8.64","5.40","3.24","3.26","3.24","4090"
"Steven Wright","Red Sox","7.71","6.43","1.20","1.29","20.0 %","16.7 %","3.3 %",".200","1.43",".222","69.8 %","116","131","123","5.14","5.41","-0.27","5.18","5.14","8185"
"Andrew Cashner","Orioles","8.13","4.39","1.85","1.79","20.2 %","10.9 %","9.3 %",".269","1.55",".304","76.8 %","109","124","114","4.72","5.42","-0.70","4.80","4.74","8782"
"Sal Romano","Reds","6.16","4.53","1.36","1.45","15.1 %","11.1 %","4.0 %",".261","1.55",".280","67.4 %","142","133","129","5.62","5.42","0.20","5.12","5.28","13690"
"Trevor Gott","Nationals","6.28","4.40","1.43","1.26","16.1 %","11.3 %","4.8 %",".264","1.47",".293","64.4 %","143","138","122","5.65","5.42","0.23","4.86","4.41","15046"
"Mike Fiers","Tigers","5.82","1.45","4.00","2.08","15.3 %","3.8 %","11.5 %",".264","1.22",".265","73.2 %","105","127","113","4.57","5.45","-0.88","4.78","4.55","7754"
"Josh Ravin","Braves","3.00","6.00","0.50","0.00","7.1 %","14.3 %","-7.1 %",".182","1.33",".200","60.0 %","154","139","206","6.00","5.46","0.54","8.16","6.74","2951"
"Enny Romero","- - -","10.50","6.00","1.75","1.50","18.9 %","10.8 %","8.1 %",".375","2.67",".458","57.7 %","192","139","158","7.50","5.46","2.04","6.27","4.66","4001"
"Justin Hancock","Cubs","11.37","8.53","1.33","1.42","32.0 %","24.0 %","8.0 %",".105","1.26",".100","90.9 %","72","138","118","2.84","5.49","-2.65","4.72","5.15","12316"
"Mike Dunn","Rockies","6.35","7.94","0.80","0.79","15.1 %","18.9 %","-3.8 %",".279","1.94",".324","58.3 %","175","130","164","7.94","5.50","2.44","6.51","6.33","9948"
"Clay Buchholz","Diamondbacks","3.60","1.80","2.00","1.80","11.1 %","5.6 %","5.6 %",".118","0.60",".071","100.0 %","46","139","147","1.80","5.52","-3.72","5.85","6.05","3543"
"Dillon Peters","Marlins","5.61","4.56","1.23","1.40","13.7 %","11.1 %","2.6 %",".282","1.64",".301","66.8 %","166","143","131","6.31","5.54","0.77","5.22","5.47","18790"
"Trevor Hildenberger","Twins","7.17","2.53","2.83","2.11","18.7 %","6.6 %","12.1 %",".226","1.17",".226","89.5 %","87","130","98","3.80","5.56","-1.76","4.11","3.89","17002"
"Adam Wainwright","Cardinals","7.50","7.00","1.07","1.00","17.1 %","15.9 %","1.1 %",".264","1.83",".309","80.8 %","105","142","140","4.00","5.57","-1.57","5.57","5.63","2233"
"Joe Biagini","Blue Jays","6.27","4.34","1.44","1.45","14.4 %","10.0 %","4.4 %",".329","1.88",".365","61.0 %","178","131","114","7.71","5.59","2.13","4.80","4.92","13194"
"Jake McGee","Rockies","7.41","2.65","2.80","2.12","19.4 %","6.9 %","12.5 %",".258","1.29",".271","63.2 %","128","132","114","5.82","5.59","0.23","4.54","3.98","7550"
"Danny Barnes","Blue Jays","9.00","4.24","2.13","2.12","21.8 %","10.3 %","11.5 %",".300","1.71",".347","94.0 %","73","131","124","3.18","5.59","-2.42","5.21","4.31","11388"
"Matt Bowman","Cardinals","10.59","4.76","2.22","2.12","24.7 %","11.1 %","13.6 %",".296","1.76",".362","78.7 %","152","142","97","5.82","5.59","0.23","3.87","3.72","13528"
"Jose Ramirez","Braves","9.95","11.37","0.88","0.00","18.4 %","21.1 %","-2.6 %",".321","2.68",".429","36.8 %","438","144","194","17.05","5.65","11.40","7.70","6.27","10171"
"Jeff Samardzija","Giants","6.90","5.40","1.28","1.50","16.7 %","13.0 %","3.6 %",".252","1.60",".275","66.7 %","168","150","148","6.30","5.66","0.64","5.87","5.61","3254"
"Cam Bedrosian","Angels","6.98","4.19","1.67","1.86","17.1 %","10.2 %","6.8 %",".304","1.71",".333","87.6 %","101","137","114","4.19","5.66","-1.47","4.82","4.58","13360"
"Matt Bush","Rangers","9.00","6.92","1.30","1.38","21.7 %","16.7 %","5.0 %",".224","1.62",".265","72.9 %","124","132","128","5.54","5.66","-0.12","5.41","5.04","1246"
"Chris Beck","White Sox","6.19","3.94","1.57","1.69","16.7 %","10.6 %","6.1 %",".259","1.38",".273","85.1 %","93","132","125","3.94","5.68","-1.75","5.28","4.80","13418"
"Jaime Garcia","Blue Jays","8.84","4.89","1.81","1.86","21.4 %","11.8 %","9.6 %",".279","1.66",".324","66.3 %","145","134","123","6.28","5.71","0.58","5.20","4.75","8137"
"Daniel Gossett","Athletics","3.68","3.68","1.00","1.23","8.6 %","8.6 %","0.0 %",".355","1.91",".370","44.1 %","263","137","146","11.05","5.71","5.33","6.16","5.86","16164"
"Tommy Kahnle","Yankees","11.05","9.82","1.13","1.23","25.7 %","22.9 %","2.9 %",".148","1.64",".176","47.2 %","142","131","135","6.14","5.71","0.42","5.71","5.65","11384"
"Jason Adam","Royals","12.91","1.17","11.00","3.52","37.9 %","3.5 %","34.5 %",".250","1.04",".286","100.0 %","81","139","61","3.52","5.73","-2.21","2.55","1.86","11861"
"Danny Farquhar","White Sox","10.13","0.00","9.00","3.38","31.0 %","0.0 %","31.0 %",".207","0.75",".176","55.6 %","133","134","70","5.63","5.75","-0.12","2.90","2.16","8501"
"Brock Stewart","Dodgers","7.94","4.76","1.67","1.59","19.2 %","11.5 %","7.7 %",".227","1.41",".250","92.1 %","85","148","138","3.18","5.77","-2.59","5.48","4.57","16727"
"Lucas Giolito","White Sox","5.10","6.42","0.79","0.76","12.3 %","15.5 %","-3.2 %",".232","1.57",".253","61.2 %","151","135","163","6.42","5.79","0.63","6.91","6.45","15474"
"Brett Anderson","Athletics","4.70","3.52","1.33","1.76","11.1 %","8.3 %","2.8 %",".379","2.02",".400","59.7 %","182","139","112","7.63","5.80","1.83","4.74","4.94","8223"
"Cory Gearrin","Giants","9.47","4.74","2.00","1.89","23.0 %","11.5 %","11.5 %",".270","1.58",".320","91.2 %","101","154","116","3.79","5.81","-2.02","4.61","4.08","7947"
"Harrison Musgrave","Rockies","3.86","5.14","0.75","1.29","10.3 %","13.8 %","-3.5 %",".160","1.14",".143","100.0 %","28","138","153","1.29","5.84","-4.55","6.07","6.13","16532"
"Troy Scribner","Diamondbacks","9.82","14.73","0.67","0.00","19.1 %","28.6 %","-9.5 %",".267","2.73",".364","80.0 %","125","147","170","4.91","5.85","-0.94","6.74","7.80","15570"
"Steven Matz","Mets","8.84","3.93","2.25","2.21","22.9 %","10.2 %","12.7 %",".232","1.31",".247","70.3 %","118","149","109","4.42","5.90","-1.49","4.35","4.25","13361"
"Hector Santiago","White Sox","7.98","4.93","1.62","1.88","20.1 %","12.4 %","7.7 %",".255","1.51",".282","78.3 %","122","138","137","5.17","5.94","-0.77","5.77","4.99","4026"
"Burch Smith","Royals","9.82","5.32","1.85","2.05","25.0 %","13.5 %","11.5 %",".235","1.45",".269","88.9 %","94","144","118","4.09","5.94","-1.85","4.98","4.22","12784"
"Jarlin Garcia","Marlins","6.00","3.80","1.58","2.00","16.6 %","10.5 %","6.1 %",".198","1.13",".180","83.8 %","100","154","123","3.80","5.94","-2.14","4.90","5.02","18282"
"Ryan Sherriff","Cardinals","4.76","3.18","1.50","1.59","11.1 %","7.4 %","3.7 %",".333","1.76",".350","72.9 %","166","151","128","6.35","5.95","0.41","5.08","4.42","12249"
"Tim Mayza","Blue Jays","9.95","2.84","3.50","2.84","23.3 %","6.7 %","16.7 %",".357","1.89",".421","97.8 %","98","140","117","4.26","5.96","-1.70","4.94","3.83","15042"
"Shawn Kelley","Nationals","12.38","2.25","5.50","3.38","33.3 %","6.1 %","27.3 %",".226","1.13",".235","83.3 %","142","153","89","5.63","6.00","-0.37","3.56","2.64","7773"
"Drew Hutchison","Phillies","7.45","5.12","1.45","1.86","19.1 %","13.1 %","6.0 %",".264","1.55",".288","82.7 %","119","147","121","4.66","6.02","-1.36","4.84","4.70","10732"
"Josh Osich","Giants","8.10","4.50","1.80","1.80","17.7 %","9.8 %","7.8 %",".386","2.20",".455","70.8 %","216","160","123","8.10","6.02","2.08","4.88","4.32","11528"
"Chase Anderson","Brewers","5.79","3.33","1.74","1.93","15.9 %","9.1 %","6.7 %",".212","1.13",".200","86.1 %","96","148","135","3.86","6.02","-2.17","5.36","5.16","6895"
"Homer Bailey","Reds","5.43","3.40","1.60","2.04","13.1 %","8.2 %","4.9 %",".291","1.60",".296","70.8 %","155","149","137","6.11","6.05","0.07","5.43","5.33","8362"
"Eric Lauer","Padres","7.71","4.71","1.64","2.14","16.8 %","10.3 %","6.5 %",".344","2.10",".384","64.9 %","218","156","127","8.14","6.07","2.07","5.07","5.08","19316"
"Kendrys Morales","Blue Jays","0.00","9.00","0.00","0.00","0.0 %","25.0 %","-25.0 %",".000","1.00",".000","100.0 %","0","144","259","0.00","6.12","-6.12","10.99","13.35","8610"
"Johnny Field","Rays","0.00","9.00","0.00","0.00","0.0 %","25.0 %","-25.0 %",".000","1.00",".000","100.0 %","0","148","259","0.00","6.12","-6.12","10.99","13.35","15048"
"Cody Reed","Reds","12.60","1.80","7.00","3.60","30.4 %","4.4 %","26.1 %",".227","1.20",".231","31.3 %","137","151","80","5.40","6.12","-0.72","3.20","2.77","15232"
"Matt Koch","Diamondbacks","4.78","2.15","2.22","2.15","13.1 %","5.9 %","7.2 %",".241","1.14",".223","83.8 %","104","154","122","4.06","6.12","-2.06","4.87","4.87","13420"
"Greg Holland","Cardinals","6.57","10.22","0.64","0.73","13.9 %","21.5 %","-7.7 %",".275","2.27",".317","63.9 %","191","156","184","7.30","6.12","1.18","7.31","6.94","7196"
"Luis Santos","Blue Jays","10.80","16.20","0.67","0.00","15.4 %","23.1 %","-7.7 %",".500","4.80",".625","25.0 %","749","144","213","32.40","6.12","26.28","9.05","7.19","15006"
"Neil Ramirez","Indians","11.57","0.00","3.00","3.86","25.0 %","0.0 %","25.0 %",".333","1.71",".375","76.9 %","176","144","63","7.71","6.12","1.59","2.64","2.55","7677"
"Chris Rusin","Rockies","7.65","4.50","1.70","2.25","19.3 %","11.4 %","8.0 %",".269","1.55",".286","66.7 %","149","146","114","6.75","6.17","0.58","4.55","4.29","9895"
"Kendall Graveman","Athletics","7.08","3.41","2.08","2.36","17.1 %","8.2 %","8.9 %",".306","1.66",".324","57.3 %","181","148","103","7.60","6.18","1.42","4.33","4.38","15514"
"Mike Mayers","Cardinals","5.06","1.69","3.00","2.53","12.5 %","4.2 %","8.3 %",".283","1.41",".270","100.0 %","66","158","125","2.53","6.22","-3.68","5.00","4.59","15451"
"Chris O'Grady","Marlins","10.29","5.14","2.00","2.57","25.0 %","12.5 %","12.5 %",".250","1.57",".278","73.2 %","169","162","128","6.43","6.27","0.16","5.10","4.35","13818"
"George Kontos","Pirates","3.38","2.41","1.40","1.93","8.3 %","6.0 %","2.4 %",".286","1.45",".273","76.9 %","125","161","136","4.82","6.28","-1.46","5.41","5.10","9486"
"Rich Hill","Dodgers","9.12","4.74","1.92","2.55","21.7 %","11.3 %","10.4 %",".294","1.74",".329","75.3 %","166","163","120","6.20","6.37","-0.16","4.78","4.66","4806"
"Zach McAllister","Indians","7.16","2.76","2.60","2.76","18.1 %","6.9 %","11.1 %",".284","1.47",".286","52.9 %","164","152","115","7.16","6.43","0.73","4.84","4.21","2895"
"Danny Duffy","Royals","7.94","4.41","1.80","2.47","18.7 %","10.4 %","8.3 %",".293","1.73",".314","70.6 %","158","156","127","6.88","6.46","0.43","5.37","4.99","3542"
"Tyler Cloyd","Marlins","6.08","4.73","1.29","2.03","12.9 %","10.0 %","2.9 %",".387","2.33",".420","57.6 %","284","168","157","10.80","6.50","4.30","6.25","5.43","8536"
"Pat Venditte","Dodgers","6.75","0.00","2.00","3.38","16.7 %","0.0 %","16.7 %",".250","1.13",".222","62.5 %","180","167","102","6.75","6.50","0.25","4.06","3.79","7108"
"Zac Reininger","Tigers","0.00","10.13","0.00","0.00","0.0 %","23.1 %","-23.1 %",".400","2.63",".400","57.1 %","232","151","196","10.13","6.50","3.63","8.32","9.31","15285"
"Carlos Torres","Nationals","8.38","2.79","3.00","2.79","22.0 %","7.3 %","14.6 %",".243","1.24",".240","68.2 %","165","167","96","6.52","6.54","-0.02","3.85","3.58","7624"
"Gerson Bautista","Mets","7.71","15.43","0.50","0.00","14.3 %","28.6 %","-14.3 %",".300","3.00",".375","71.4 %","207","166","218","7.71","6.55","1.16","8.64","8.27","19256"
"Chris Hatcher","Athletics","6.32","4.60","1.38","2.30","14.5 %","10.5 %","4.0 %",".324","1.91",".340","73.8 %","123","158","126","5.17","6.57","-1.40","5.32","4.93","3299"
"Emilio Pagan","Athletics","4.60","2.87","1.60","2.30","11.0 %","6.9 %","4.1 %",".313","1.66",".309","84.1 %","123","158","150","5.17","6.57","-1.40","6.36","5.43","14771"
"Dan Straily","Marlins","6.30","6.30","1.00","1.80","15.9 %","15.9 %","0.0 %",".205","1.45",".200","86.1 %","95","170","145","3.60","6.57","-2.97","5.76","6.07","9460"
"Junichi Tazawa","Marlins","10.80","5.85","1.85","2.70","24.2 %","13.1 %","11.1 %",".326","2.05",".393","61.4 %","237","170","128","9.00","6.57","2.43","5.11","4.39","4079"
"Jason Vargas","Mets","8.31","4.15","2.00","2.60","18.4 %","9.2 %","9.2 %",".359","2.08",".404","60.0 %","265","167","130","9.87","6.58","3.28","5.18","4.80","8044"
"Wander Suero","Nationals","4.26","5.68","0.75","1.42","10.7 %","14.3 %","-3.6 %",".174","1.26",".158","92.1 %","72","168","179","2.84","6.60","-3.75","7.11","6.57","15855"
"Jen-Ho Tseng","Cubs","13.50","0.00","3.00","4.50","30.0 %","0.0 %","30.0 %",".400","2.00",".500","38.5 %","343","166","43","13.50","6.62","6.88","1.75","2.16","15524"
"Hoby Milner","Phillies","7.71","5.79","1.33","1.93","16.0 %","12.0 %","4.0 %",".286","1.93",".313","69.8 %","197","165","153","7.71","6.77","0.95","6.07","5.00","13346"
"Adam Plutko","Indians","7.36","0.00","6.00","3.68","21.4 %","0.0 %","21.4 %",".214","0.82",".158","100.0 %","84","160","114","3.68","6.80","-3.12","4.81","4.48","15846"
"Akeel Morris","Angels","2.84","7.11","0.40","1.42","7.1 %","17.9 %","-10.7 %",".261","1.74",".250","83.3 %","103","166","139","4.26","6.91","-2.65","5.88","6.18","12185"
"Johnny Barbato","Tigers","2.45","2.45","1.00","2.45","6.7 %","6.7 %","0.0 %",".286","1.36",".250","55.6 %","169","161","154","7.36","6.94","0.42","6.50","6.44","11440"
"Carlos Ramirez","Blue Jays","11.57","19.29","0.60","0.00","23.1 %","38.5 %","-15.4 %",".125","2.57",".200","83.3 %","89","163","165","3.86","6.98","-3.12","6.98","9.32","11743"
"Nick Goody","Indians","9.26","3.86","2.40","3.09","20.7 %","8.6 %","12.1 %",".288","1.71",".306","77.9 %","159","166","128","6.94","7.07","-0.12","5.39","4.26","13685"
"Brandon Finnegan","Reds","6.10","6.53","0.93","2.18","13.6 %","14.6 %","-1.0 %",".307","2.03",".319","62.9 %","188","175","155","7.40","7.09","0.31","6.15","6.10","16208"
"Bryan Mitchell","Padres","4.20","6.86","0.61","1.77","9.6 %","15.7 %","-6.1 %",".309","2.02",".312","73.8 %","178","183","149","6.64","7.11","-0.47","5.91","6.43","11479"
"Cliff Pennington","Reds","9.00","18.00","0.50","0.00","16.7 %","33.3 %","-16.7 %",".250","3.00",".333","66.7 %","228","176","221","9.00","7.12","1.88","8.75","9.11","3395"
"Matt Strahm","Padres","3.86","9.00","0.43","1.29","9.1 %","21.2 %","-12.1 %",".192","1.71",".182","75.5 %","103","183","191","3.86","7.12","-3.27","7.59","7.65","13799"
"Wei-Yin Chen","Marlins","5.73","4.91","1.17","2.45","13.9 %","11.9 %","2.0 %",".273","1.64",".265","73.4 %","172","186","164","6.55","7.17","-0.62","6.50","6.02","13071"
"Chris Tillman","Orioles","4.39","5.74","0.76","2.03","9.5 %","12.4 %","-2.9 %",".356","2.21",".364","55.1 %","242","165","150","10.46","7.21","3.25","6.36","6.25","5279"
"Marc Rzepczynski","Mariners","12.79","8.53","1.50","2.84","23.1 %","15.4 %","7.7 %",".333","2.68",".409","56.3 %","207","174","105","8.53","7.23","1.30","4.40","4.31","6612"
"Carson Fulmer","White Sox","8.07","6.68","1.21","2.23","17.7 %","14.6 %","3.1 %",".274","1.89",".296","62.0 %","190","168","153","8.07","7.24","0.84","6.48","5.68","18311"
"David Hess","Orioles","5.91","1.69","3.50","3.38","14.6 %","4.2 %","10.4 %",".304","1.50",".286","76.9 %","156","166","128","6.75","7.25","-0.50","5.42","4.78","16130"
"Jacob Turner","Marlins","3.18","7.94","0.40","1.59","5.7 %","14.3 %","-8.6 %",".433","3.18",".444","48.2 %","417","191","222","15.88","7.36","8.52","8.79","6.93","10185"
"Luke Farrell","Cubs","14.29","1.59","9.00","4.76","32.1 %","3.6 %","28.6 %",".370","1.94",".467","44.1 %","202","185","54","7.94","7.36","0.58","2.19","2.22","15101"
"Hansel Robles","Mets","13.06","2.61","5.00","4.35","32.6 %","6.5 %","26.1 %",".302","1.55",".348","100.0 %","140","187","82","5.23","7.38","-2.15","3.29","2.72","11801"
"Anthony Swarzak","Mets","11.57","3.86","3.00","3.86","33.3 %","11.1 %","22.2 %",".125","0.86",".000","100.0 %","103","188","116","3.86","7.41","-3.55","4.62","3.51","7466"
"Luke Bard","Angels","10.03","3.86","2.60","3.09","24.5 %","9.4 %","15.1 %",".222","1.29",".214","88.7 %","130","178","123","5.40","7.41","-2.01","5.18","3.80","14288"
"Kevin Jepsen","Rangers","4.32","5.94","0.73","2.16","10.4 %","14.3 %","-3.9 %",".231","1.56",".208","65.4 %","133","172","141","5.94","7.44","-1.50","5.98","5.92","6475"
"Jacob Rhame","Mets","4.50","3.00","1.50","3.00","11.1 %","7.4 %","3.7 %",".280","1.50",".250","96.8 %","121","189","160","4.50","7.46","-2.96","6.37","5.66","15267"
"Phil Hughes","Twins","6.00","3.75","1.60","3.00","14.6 %","9.1 %","5.5 %",".286","1.58",".270","76.4 %","154","178","139","6.75","7.62","-0.87","5.86","5.38","7450"
"Chih-Wei Hu","Rays","6.75","3.38","2.00","3.38","16.7 %","8.3 %","8.3 %",".273","1.50",".250","38.5 %","243","184","151","10.13","7.62","2.50","6.40","5.78","16419"
"Edward Paredes","Dodgers","0.00","0.00","0.00","0.00","0.0 %","0.0 %","0.0 %",".000","0.00",".000","100.0 %","0","196","255","0.00","7.62","-7.62","10.06","7.29","4168"
"A.J. Cole","- - -","9.98","5.28","1.89","3.52","23.0 %","12.2 %","10.8 %",".308","1.89",".333","68.0 %","223","197","135","8.80","7.75","1.05","5.42","4.64","11467"
"P.J. Conlon","Mets","2.45","4.91","0.50","2.45","5.9 %","11.8 %","-5.9 %",".267","1.64",".231","65.2 %","197","197","207","7.36","7.76","-0.39","8.20","8.19","18213"
"Josh Smoker","Pirates","0.00","4.50","0.00","2.25","0.0 %","9.5 %","-9.5 %",".474","2.75",".444","72.9 %","234","202","199","9.00","7.87","1.13","7.87","7.39","10285"
"Kevin Quackenbush","Reds","7.00","6.00","1.17","3.00","15.6 %","13.3 %","2.2 %",".333","2.11",".345","54.1 %","279","195","144","11.00","7.90","3.10","5.73","5.32","12360"
"Martin Perez","Rangers","5.24","4.84","1.08","2.82","10.9 %","10.1 %","0.8 %",".390","2.37",".400","66.4 %","216","183","144","9.67","7.91","1.76","6.09","5.64","6902"
"Miguel Gonzalez","White Sox","3.65","4.38","0.83","2.92","7.6 %","9.1 %","-1.5 %",".400","2.43",".392","49.2 %","293","185","145","12.41","7.99","4.42","6.14","6.10","7024"
"Ryne Stanek","Rays","17.18","4.91","3.50","4.91","41.2 %","11.8 %","29.4 %",".200","1.36",".167","90.9 %","177","194","76","7.36","8.03","-0.67","3.16","2.49","15947"
"David Hale","- - -","7.88","4.50","1.75","3.38","18.0 %","10.3 %","7.7 %",".324","1.88",".333","84.8 %","155","187","120","6.75","8.12","-1.37","5.07","4.42","9756"
"Luke Sims","Braves","10.50","7.50","1.40","3.00","21.9 %","15.6 %","6.3 %",".308","2.17",".353","62.5 %","270","207","157","10.50","8.12","2.38","6.23","4.93","13470"
"Dovydas Neverauskas","Pirates","2.70","4.05","0.67","2.70","5.9 %","8.8 %","-2.9 %",".367","2.10",".346","57.4 %","281","211","183","10.80","8.22","2.58","7.25","6.37","11604"
"Juan Minaya","White Sox","13.50","24.30","0.56","0.00","22.7 %","40.9 %","-18.2 %",".231","3.60",".375","66.7 %","255","191","228","10.80","8.22","2.58","9.68","10.29","10341"
"Blaine Boyer","Royals","4.08","5.09","0.80","3.06","9.2 %","11.5 %","-2.3 %",".325","1.98",".302","30.1 %","270","201","134","11.72","8.33","3.39","5.66","5.43","2237"
"Ryan Carpenter","Tigers","4.15","3.12","1.33","3.12","9.5 %","7.1 %","2.4 %",".324","1.73",".300","62.5 %","191","195","137","8.31","8.43","-0.12","5.80","5.60","12699"
"Jimmy Yacabonis","Orioles","3.86","19.29","0.20","0.00","7.1 %","35.7 %","-28.6 %",".333","3.43",".375","50.0 %","356","198","237","15.43","8.69","6.73","10.09","11.07","15157"
"Buddy Baumann","- - -","11.57","7.71","1.50","3.86","20.0 %","13.3 %","6.7 %",".385","3.00",".444","-17.9 %","517","222","149","19.29","8.69","10.59","5.91","4.66","9309"
"Max Fried","Braves","10.50","4.50","2.33","4.50","26.9 %","11.5 %","15.4 %",".217","1.33",".154","100.0 %","154","225","105","6.00","8.79","-2.79","4.18","3.73","13743"
"Boone Logan","Brewers","8.10","10.80","0.75","2.70","15.0 %","20.0 %","-5.0 %",".375","3.00",".417","81.4 %","202","217","211","8.10","8.82","-0.72","8.33","6.51","5525"
"Justin Grimm","Royals","7.71","11.57","0.67","2.57","14.3 %","21.4 %","-7.1 %",".364","3.00",".400","22.0 %","503","216","184","21.86","8.98","12.88","7.82","6.85","11720"
"Josh Tomlin","Indians","5.23","1.74","3.00","4.35","12.2 %","4.1 %","8.1 %",".331","1.68",".292","76.5 %","179","214","143","7.84","9.12","-1.28","6.03","5.43","9388"
"Rex Brothers","Braves","0.00","18.00","0.00","0.00","0.0 %","100.0 %","-100.0 %",".000","2.00",".000","50.0 %","231","233","231","9.00","9.12","-0.12","9.12","","9794"
"Colten Brewer","Padres","13.50","27.00","0.50","0.00","11.1 %","22.2 %","-11.1 %",".571","9.00",".667","33.3 %","0","235","293","0.00","9.12","-9.12","11.56","6.65","12997"
"John Curtiss","Twins","13.50","27.00","0.50","0.00","16.7 %","33.3 %","-16.7 %",".500","6.00",".667","25.0 %","925","212","272","40.50","9.12","31.38","11.56","9.11","16128"
"D.J. Snelten","Giants","8.31","6.23","1.33","4.15","15.4 %","11.5 %","3.9 %",".391","2.77",".412","65.2 %","277","250","122","10.38","9.35","1.03","4.85","4.30","15949"
"Gabriel Moya","Twins","10.80","3.60","3.00","5.40","25.0 %","8.3 %","16.7 %",".273","1.60",".231","52.6 %","247","226","115","10.80","9.72","1.08","4.85","3.63","16348"
"Wilmer Font","- - -","8.47","2.65","3.20","5.29","18.8 %","5.9 %","12.9 %",".388","2.12",".389","54.6 %","322","243","115","12.71","9.77","2.94","4.70","3.94","5257"
"Liam Hendriks","Athletics","3.00","9.00","0.33","3.00","5.9 %","17.7 %","-11.8 %",".500","3.33",".500","81.4 %","214","234","180","9.00","9.79","-0.79","7.62","7.28","3548"
"Kyle McGrath","Padres","9.00","6.75","1.33","4.50","22.2 %","16.7 %","5.6 %",".200","1.50",".111","100.0 %","121","255","146","4.50","9.87","-5.37","5.81","5.17","16793"
"Jose Valdez","Giants","7.20","1.80","4.00","5.40","16.7 %","4.2 %","12.5 %",".348","1.80",".313","41.7 %","336","265","102","12.60","9.92","2.68","4.07","3.88","14470"
"Nestor Cortes","Orioles","5.79","7.71","0.75","3.86","11.5 %","15.4 %","-3.9 %",".455","3.00",".471","89.3 %","178","227","162","7.71","9.98","-2.27","6.84","6.05","17874"
"Alexi Ogando","Indians","9.00","27.00","0.33","0.00","12.5 %","37.5 %","-25.0 %",".400","5.00",".500","60.0 %","411","238","276","18.00","10.12","7.88","11.75","10.78","10261"
"Jeff Beliveau","Indians","5.40","10.80","0.50","2.70","10.0 %","20.0 %","-10.0 %",".333","2.70",".333","69.8 %","247","242","209","10.80","10.32","0.48","8.86","7.12","8504"
"JC Ramirez","Angels","5.40","9.45","0.57","4.05","12.1 %","21.2 %","-9.1 %",".269","2.10",".211","61.2 %","228","262","166","9.45","10.92","-1.47","7.02","7.54","8302"
"Pedro Florimon","Phillies","0.00","4.50","0.00","4.50","0.0 %","12.5 %","-12.5 %",".143","1.00",".000","0.0 %","230","273","199","9.00","11.12","-2.12","7.87","8.19","8385"
"Felix Pena","Angels","6.75","0.00","2.00","6.75","15.4 %","0.0 %","15.4 %",".385","1.88",".333","90.9 %","245","273","125","10.13","11.37","-1.25","5.28","3.95","13403"
"Erasmo Ramirez","Mariners","5.59","0.93","6.00","6.52","13.3 %","2.2 %","11.1 %",".326","1.55",".233","80.7 %","249","285","127","10.24","11.92","-1.67","5.36","4.73","10314"
"Tyler Duffey","Twins","6.75","1.69","4.00","6.75","13.8 %","3.5 %","10.3 %",".393","2.25",".350","46.9 %","308","277","131","13.50","11.93","1.57","5.53","4.44","13758"
"Austin Adams","Nationals","0.00","27.00","0.00","0.00","0.0 %","42.9 %","-42.9 %",".250","4.00",".250","100.0 %","0","311","349","0.00","12.12","-12.12","13.75","14.17","13801"
"Tyler Kinley","Twins","10.80","10.80","1.00","5.40","17.4 %","17.4 %","0.0 %",".474","3.90",".538","39.2 %","555","282","160","24.30","12.12","12.18","6.76","5.53","18297"
"Yovani Gallardo","Reds","7.71","15.43","0.50","3.86","10.5 %","21.1 %","-10.5 %",".533","5.14",".583","37.7 %","782","301","254","30.86","12.12","18.73","10.03","7.43","8173"
"Ryan Weber","Rays","0.00","27.00","0.00","0.00","0.0 %","25.0 %","-25.0 %",".333","6.00",".333","-50.0 %","648","292","399","27.00","12.12","14.88","16.99","9.12","10160"
"James Hoyt","Astros","0.00","27.00","0.00","0.00","0.0 %","33.3 %","-33.3 %",".500","6.00",".500","100.0 %","0","286","285","0.00","12.12","-12.12","12.12","8.95","14605"
"Brandon Maurer","Royals","6.23","6.23","1.00","6.23","13.0 %","13.0 %","0.0 %",".400","2.54",".357","73.5 %","287","308","161","12.46","12.81","-0.35","6.81","5.72","4878"
"Tanner Rainey","Reds","9.00","22.50","0.40","4.50","14.3 %","35.7 %","-21.4 %",".333","4.00",".333","15.2 %","798","376","301","31.50","15.12","16.38","11.87","10.14","17610"
"Zach Neal","Dodgers","0.00","0.00","0.00","9.00","0.0 %","0.0 %","0.0 %",".400","2.00",".250","100.0 %","240","417","202","9.00","16.12","-7.12","7.99","7.68","11294"
"Chase Whitley","Braves","9.00","9.00","1.00","9.00","16.7 %","16.7 %","0.0 %",".400","3.00",".333","62.5 %","462","439","227","18.00","17.12","0.88","8.99","6.45","10982"
"J.J. Hoover","Brewers","0.00","13.50","0.00","6.75","0.0 %","20.0 %","-20.0 %",".500","4.50",".429","65.2 %","506","429","255","20.25","17.37","2.88","10.06","8.53","9037"
"Taylor Motter","Mariners","9.00","9.00","1.00","9.00","16.7 %","16.7 %","0.0 %",".250","2.00",".000","100.0 %","218","480","244","9.00","20.12","-11.12","10.37","6.45","12399"
"Ryan LaMarre","Twins","0.00","0.00","0.00","13.50","0.0 %","0.0 %","0.0 %",".333","1.50",".000","100.0 %","308","524","189","13.50","22.62","-9.12","7.99","7.29","10700"
"Parker Bridwell","Angels","0.00","0.00","0.00","16.20","0.0 %","0.0 %","0.0 %",".583","4.20",".444","35.7 %","783","633","166","32.40","26.52","5.88","7.02","5.72","11502"
"Zack Weiss","Reds","0.00","18.00","0.00","18.00","0.0 %","50.0 %","-50.0 %","1.000","4.00",".000","0.0 %","912","875","272","36.00","35.12","0.88","10.75","","15444"
