"Name","Team","W","L","SV","G","GS","IP","K/9","BB/9","HR/9","BABIP","LOB%","GB%","HR/FB","ERA","FIP","xFIP","WAR","playerid"
"Max Scherzer","Nationals","7","1","0","10","10","65.2","14.25","2.19","0.69",".278","82.7 %","34.4 %","7.7 %","1.78","1.81","2.43","2.8","3137"
"Justin Verlander","Astros","5","2","0","10","10","68.2","11.01","1.83","0.52",".205","90.5 %","29.4 %","4.6 %","1.05","2.18","3.48","2.8","8700"
"Gerrit Cole","Astros","4","1","0","9","9","61.2","13.57","2.04","0.73",".263","86.4 %","29.9 %","9.1 %","1.75","1.94","2.33","2.7","13125"
"Luis Severino","Yankees","7","1","0","10","10","65.0","10.52","2.22","0.28",".285","76.8 %","47.8 %","3.9 %","2.35","1.97","2.84","2.6","15890"
"Jacob deGrom","Mets","4","0","0","9","9","51.1","12.10","2.45","0.35",".313","83.7 %","44.7 %","6.1 %","1.75","1.82","2.35","2.3","10954"
"Chris Sale","Red Sox","4","1","0","10","10","63.0","12.43","2.14","1.00",".267","86.5 %","41.1 %","12.1 %","2.29","2.76","2.81","1.9","10603"
"Aaron Nola","Phillies","6","2","0","10","10","64.2","7.93","1.95","0.56",".279","81.4 %","50.0 %","8.2 %","2.37","2.86","3.29","1.8","16149"
"Trevor Bauer","Indians","3","3","0","9","9","59.0","10.22","3.20","0.46",".278","76.0 %","48.0 %","6.0 %","2.59","2.78","3.50","1.8","12703"
"Rick Porcello","Red Sox","6","1","0","10","10","63.2","8.91","1.55","0.71",".290","73.0 %","48.3 %","8.2 %","3.39","2.82","3.36","1.8","2717"
"Noah Syndergaard","Mets","4","1","0","10","10","58.2","10.43","1.99","0.61",".340","76.0 %","47.5 %","9.3 %","2.91","2.56","2.86","1.7","11762"
"James Paxton","Mariners","3","1","0","10","10","62.2","11.35","2.87","1.01",".257","76.1 %","32.2 %","10.0 %","3.30","3.06","3.42","1.6","11828"
"Lance McCullers Jr.","Astros","6","2","0","10","10","59.0","10.07","3.51","0.46",".291","73.0 %","57.6 %","7.7 %","3.20","2.87","3.28","1.6","14120"
"Jon Gray","Rockies","4","6","0","10","10","55.2","10.19","2.10","0.97",".371","63.7 %","46.0 %","13.0 %","5.34","3.01","2.96","1.6","14916"
"Mike Clevinger","Indians","3","1","0","9","9","59.2","7.54","2.72","0.45",".293","77.2 %","47.6 %","5.5 %","2.87","3.00","3.85","1.5","12808"
"Josh Hader","Brewers","2","0","6","16","0","27.1","18.44","2.30","0.66",".167","80.4 %","16.1 %","10.5 %","1.32","0.74","0.92","1.5","14212"
"Patrick Corbin","Diamondbacks","4","1","0","10","10","62.1","11.70","2.60","1.01",".239","83.7 %","47.9 %","16.3 %","2.60","2.99","2.65","1.5","9323"
"Alex Wood","Dodgers","1","4","0","10","10","57.0","8.05","1.42","0.63",".273","64.9 %","47.9 %","7.7 %","3.32","2.72","3.29","1.5","13781"
"Nick Pivetta","Phillies","4","2","0","10","10","53.0","10.19","2.04","0.85",".296","76.9 %","40.4 %","9.3 %","3.23","2.88","3.31","1.5","15454"
"Corey Kluber","Indians","7","2","0","10","10","72.1","8.83","1.24","1.37",".222","88.0 %","48.1 %","18.6 %","2.36","3.59","2.94","1.4","2429"
"Carlos Carrasco","Indians","5","3","0","10","10","66.2","8.51","1.89","1.08",".275","72.4 %","42.4 %","12.5 %","3.65","3.47","3.47","1.3","6632"
"Daniel Mengden","Athletics","4","4","0","10","10","57.1","5.97","0.94","0.94",".269","67.2 %","38.6 %","8.6 %","3.30","3.47","4.09","1.3","16980"
"Gio Gonzalez","Nationals","5","2","0","10","10","56.2","9.53","4.13","0.48",".297","81.9 %","51.6 %","6.1 %","2.38","3.07","3.79","1.2","7448"
"Jose Berrios","Twins","5","4","0","10","10","61.1","8.66","1.76","1.17",".228","69.7 %","42.3 %","12.9 %","3.82","3.68","3.62","1.2","14168"
"Miles Mikolas","Cardinals","6","0","0","9","9","60.1","6.86","0.90","0.90",".266","85.6 %","51.7 %","14.0 %","2.24","3.29","3.15","1.2","9803"
"Matt Boyd","Tigers","2","3","0","8","8","48.0","7.69","2.44","0.56",".261","74.3 %","32.4 %","4.6 %","3.19","3.23","4.61","1.2","15440"
"Charlie Morton","Astros","6","0","0","9","9","55.2","11.32","2.91","1.13",".225","92.9 %","55.6 %","20.6 %","1.94","3.37","2.73","1.2","4676"
"Sean Newcomb","Braves","5","1","0","9","9","52.2","9.91","4.10","0.51",".256","77.1 %","48.9 %","6.7 %","2.39","3.03","3.67","1.1","16943"
"Zack Greinke","Diamondbacks","3","3","0","10","10","60.2","9.94","1.04","1.48",".277","77.1 %","43.0 %","16.4 %","3.71","3.50","2.99","1.1","1943"
"Kenta Maeda","Dodgers","3","3","0","9","8","44.0","11.05","2.66","0.82",".342","68.7 %","39.5 %","10.0 %","3.89","2.80","3.10","1.1","18498"
"Walker Buehler","Dodgers","2","1","0","6","6","34.0","10.59","2.38","0.53",".265","76.9 %","57.1 %","10.5 %","2.38","2.42","2.56","1.1","19374"
"Luke Weaver","Cardinals","3","3","0","9","9","47.1","7.99","3.23","0.57",".292","66.9 %","44.5 %","5.8 %","4.37","3.31","4.27","1.1","16918"
"Adam Ottavino","Rockies","3","0","1","24","0","26.0","15.58","3.46","0.35",".171","90.9 %","52.8 %","9.1 %","1.04","1.55","1.73","1.0","1247"
"Kyle Gibson","Twins","1","2","0","9","9","50.0","9.90","4.68","0.72",".281","72.1 %","45.4 %","9.1 %","3.96","3.64","4.03","1.0","10123"
"Aroldis Chapman","Yankees","1","0","9","19","0","19.0","17.05","4.26","0.00",".310","85.0 %","41.4 %","0.0 %","1.42","1.07","2.01","1.0","10233"
"Ross Stripling","Dodgers","1","1","0","15","4","34.2","10.38","2.34","0.52",".344","87.1 %","41.9 %","6.1 %","2.08","2.34","3.14","1.0","13273"
"Kyle Freeland","Rockies","4","4","0","9","9","54.0","8.17","3.00","1.00",".260","80.2 %","48.6 %","11.5 %","3.17","3.75","3.87","1.0","16256"
"Tyler Skaggs","Angels","3","3","0","9","9","50.0","9.54","2.88","0.90",".306","83.9 %","51.4 %","11.4 %","2.88","3.32","3.45","1.0","10190"
"Sean Manaea","Athletics","5","4","0","10","10","66.1","6.92","1.49","1.09",".208","78.7 %","43.3 %","12.7 %","2.71","3.88","3.85","1.0","15873"
"Carlos Martinez","Cardinals","3","2","0","8","8","50.0","8.46","3.96","0.18",".237","82.8 %","52.3 %","2.6 %","1.62","3.36","4.34","1.0","11682"
"Mike Foltynewicz","Braves","3","3","0","10","10","53.0","10.53","4.42","0.85",".296","80.0 %","39.1 %","10.0 %","2.72","3.54","3.84","0.9","10811"
"Marco Gonzales","Mariners","3","3","0","9","9","46.1","8.35","1.75","0.97",".380","71.4 %","44.5 %","13.5 %","4.66","3.38","3.28","0.9","15467"
"Jeremy Hellickson","Nationals","1","0","0","6","6","32.2","7.16","1.38","0.55",".239","79.4 %","48.3 %","7.7 %","2.20","2.79","3.28","0.9","4371"
"Blake Snell","Rays","5","3","0","10","10","58.2","9.36","2.91","1.23",".234","82.3 %","37.1 %","12.5 %","3.07","3.79","3.79","0.9","13543"
"Stephen Strasburg","Nationals","5","4","0","10","10","67.0","10.07","2.28","1.34",".268","76.7 %","45.1 %","17.9 %","3.36","3.72","3.14","0.9","10131"
"Caleb Smith","Marlins","2","5","0","9","9","42.2","12.02","4.85","0.84",".289","70.9 %","31.6 %","9.1 %","4.22","3.29","3.74","0.9","14875"
"Johnny Cueto","Giants","3","0","0","5","5","32.0","7.31","1.69","0.28",".185","93.2 %","45.0 %","3.3 %","0.84","2.75","3.86","0.9","6893"
"Blake Treinen","Athletics","2","1","10","17","0","22.2","10.72","2.78","0.40",".295","81.3 %","53.3 %","7.7 %","1.19","2.24","2.60","0.9","12572"
"Bud Norris","Cardinals","1","0","9","21","0","22.1","12.49","1.61","0.40",".327","82.5 %","36.7 %","6.3 %","2.01","1.60","2.18","0.9","9492"
"Shohei Ohtani","Angels","4","1","0","7","7","40.1","11.60","3.12","1.12",".270","78.4 %","41.5 %","13.5 %","3.35","3.27","3.15","0.9","19755"
"J.A. Happ","Blue Jays","5","3","0","9","9","52.0","11.42","2.25","1.56",".298","74.9 %","50.0 %","19.1 %","4.15","3.76","2.97","0.9","7410"
"Jake Arrieta","Phillies","3","2","0","8","8","44.2","5.64","3.22","0.40",".246","64.3 %","57.1 %","5.6 %","2.82","3.53","4.25","0.9","4153"
"Tyson Ross","Padres","3","3","0","9","9","53.2","9.22","3.69","0.67",".268","73.3 %","46.2 %","9.8 %","3.35","3.44","3.71","0.9","7872"
"Andrew Heaney","Angels","2","3","0","7","7","40.1","10.26","3.12","0.89",".307","65.3 %","39.6 %","12.5 %","3.35","3.25","3.25","0.9","15423"
"Michael Wacha","Cardinals","5","1","0","9","9","49.2","7.97","3.81","0.54",".291","76.1 %","40.8 %","7.7 %","3.08","3.46","3.95","0.9","14078"
"Jeremy Jeffress","Brewers","3","0","3","25","0","25.2","8.42","2.81","0.00",".169","94.4 %","59.3 %","0.0 %","0.35","2.19","3.01","0.9","9490"
"Jose Urena","Marlins","0","7","0","10","10","57.1","7.06","2.20","0.78",".298","66.7 %","52.3 %","9.4 %","4.55","3.73","4.10","0.8","11589"
"David Price","Red Sox","4","4","0","9","9","51.1","8.06","3.33","1.05",".284","66.0 %","41.5 %","9.8 %","4.38","4.02","4.43","0.8","3184"
"Edwin Diaz","Mariners","0","1","15","23","0","23.1","15.43","3.47","0.77",".200","87.9 %","35.1 %","13.3 %","1.93","2.35","2.28","0.8","14710"
"Junior Guerra","Brewers","3","3","0","8","8","42.1","8.72","4.25","0.64",".261","78.7 %","40.0 %","6.7 %","2.98","3.74","4.54","0.8","5702"
"CC Sabathia","Yankees","2","1","0","8","8","41.1","7.19","1.96","1.09",".250","75.0 %","45.7 %","10.2 %","2.40","3.90","4.25","0.8","404"
"Clayton Richard","Padres","3","5","0","10","10","61.0","7.67","3.10","0.89",".326","67.0 %","54.4 %","16.2 %","4.87","3.78","3.48","0.8","3551"
"Dan Winkler","Braves","1","0","0","21","0","19.1","13.03","2.33","0.00",".194","76.9 %","36.1 %","0.0 %","0.93","1.16","2.33","0.8","12237"
"Jeurys Familia","Mets","2","1","13","22","0","22.0","11.05","2.86","0.41",".255","87.4 %","47.1 %","4.8 %","1.64","2.35","3.31","0.8","5114"
"Sean Doolittle","Nationals","1","2","9","19","0","19.2","13.73","1.37","0.92",".216","80.4 %","23.1 %","9.1 %","2.29","2.00","2.50","0.8","1581"
"Tanner Roark","Nationals","2","4","0","9","9","58.1","8.18","2.62","1.08",".232","75.2 %","43.0 %","11.9 %","3.39","3.95","4.03","0.8","8753"
"Trevor Cahill","Athletics","1","2","0","5","5","29.0","9.93","2.17","0.93",".271","76.6 %","61.4 %","20.0 %","2.79","2.98","2.48","0.7","6249"
"James Shields","White Sox","1","4","0","10","9","55.1","5.86","4.07","0.65",".253","63.8 %","39.4 %","6.0 %","4.88","4.17","5.20","0.7","7059"
"Adam Cimber","Padres","2","1","0","20","0","24.2","11.31","2.19","0.00",".367","71.4 %","49.2 %","0.0 %","2.92","1.34","2.00","0.7","15288"
"Chad Green","Yankees","2","0","0","20","0","25.0","12.24","1.80","1.08",".291","80.8 %","31.0 %","12.5 %","2.52","2.56","2.56","0.7","15552"
"Joe Kelly","Red Sox","2","0","2","20","0","21.1","10.13","3.38","0.00",".229","75.0 %","47.9 %","0.0 %","2.11","2.14","3.05","0.7","9761"
"Michael Fulmer","Tigers","1","3","0","9","9","51.2","8.01","2.96","1.05",".290","67.7 %","47.9 %","13.6 %","4.35","4.07","3.94","0.7","13218"
"Felipe Vazquez","Pirates","2","1","9","19","0","18.2","10.13","3.38","0.00",".321","58.3 %","34.6 %","0.0 %","3.86","2.00","3.39","0.7","12076"
"Eduardo Rodriguez","Red Sox","4","1","0","9","9","48.0","10.88","3.00","1.31",".303","77.1 %","41.9 %","12.3 %","4.13","3.79","3.82","0.7","13164"
"Dallas Keuchel","Astros","3","6","0","10","10","63.0","6.86","2.43","1.29",".250","79.1 %","57.3 %","18.0 %","3.43","4.27","3.70","0.7","9434"
"Zack Godley","Diamondbacks","4","3","0","9","9","52.1","8.43","3.96","1.03",".304","74.7 %","51.7 %","14.6 %","3.78","4.06","3.84","0.7","14862"
"Garrett Richards","Angels","4","2","0","9","9","46.2","10.22","4.05","1.16",".261","68.6 %","55.4 %","16.7 %","3.47","3.94","3.52","0.7","9784"
"Clayton Kershaw","Dodgers","1","4","0","7","7","44.0","9.82","2.05","1.43",".284","89.6 %","45.0 %","19.4 %","2.86","3.69","2.95","0.7","2036"
"Ivan Nova","Pirates","2","4","0","10","10","56.1","6.87","1.28","1.28",".320","64.8 %","49.2 %","14.5 %","4.79","3.97","3.71","0.7","1994"
"Mychal Givens","Orioles","0","0","1","20","0","25.1","11.01","3.55","0.36",".281","71.4 %","41.4 %","4.3 %","2.84","2.49","3.45","0.6","10430"
"Chris Archer","Rays","3","3","0","10","10","59.1","8.65","2.88","1.37",".311","69.2 %","42.9 %","15.0 %","5.01","4.23","3.91","0.6","6345"
"Kelvin Herrera","Royals","1","1","9","18","0","16.2","8.10","0.00","0.54",".239","94.3 %","31.9 %","4.8 %","1.08","2.10","3.37","0.6","6033"
"Jack Flaherty","Cardinals","1","1","0","4","4","23.1","10.41","2.70","0.77",".283","84.9 %","40.0 %","8.3 %","2.31","2.82","3.38","0.6","17479"
"Trevor Williams","Pirates","5","2","0","10","10","59.0","6.10","3.05","0.92",".226","79.1 %","38.5 %","8.7 %","3.05","4.11","4.68","0.6","16977"
"Joe Jimenez","Tigers","2","0","0","25","0","22.2","9.13","2.38","0.40",".294","63.9 %","33.8 %","2.9 %","2.78","2.59","4.46","0.6","15761"
"Shane Carle","Braves","2","1","0","21","0","27.0","6.67","2.00","0.33",".241","81.3 %","44.9 %","4.2 %","1.33","2.79","3.75","0.6","15258"
"Vince Velasquez","Phillies","4","4","0","9","9","47.1","10.46","3.04","1.52",".309","71.4 %","34.6 %","13.8 %","4.37","4.07","3.87","0.6","11189"
"German Marquez","Rockies","3","5","0","10","10","50.2","8.53","3.91","1.07",".320","71.2 %","45.1 %","12.2 %","4.62","4.31","4.34","0.6","15038"
"Kevin Gausman","Orioles","3","3","0","9","9","55.2","7.76","2.26","1.62",".290","82.8 %","45.9 %","16.7 %","3.88","4.54","3.96","0.6","14107"
"Ryan Pressly","Twins","0","0","0","23","0","24.2","12.04","3.65","0.36",".339","81.7 %","46.7 %","5.3 %","2.19","2.31","3.04","0.6","7005"
"Michael Feliz","Pirates","0","1","0","22","0","20.0","11.70","3.15","0.45",".313","78.7 %","26.5 %","5.6 %","2.70","2.22","3.03","0.6","11903"
"Jaime Barria","Angels","3","1","0","5","5","25.1","7.11","2.49","0.36",".250","83.3 %","41.1 %","4.0 %","2.13","3.24","4.33","0.6","18356"
"Ryan Madson","Nationals","1","2","3","21","0","19.1","9.31","2.79","0.00",".362","64.3 %","43.9 %","0.0 %","4.19","2.14","3.65","0.6","1852"
"Hyun-Jin Ryu","Dodgers","3","0","0","6","6","29.2","10.92","3.03","0.91",".200","87.7 %","56.7 %","14.3 %","2.12","3.12","2.96","0.6","14444"
"Jordan Zimmermann","Tigers","2","0","0","7","7","31.1","9.19","2.59","1.44",".303","61.8 %","27.7 %","11.4 %","4.88","4.02","4.22","0.6","4505"
"Mike Minor","Rangers","3","3","0","9","9","48.1","8.57","2.05","1.49",".324","68.0 %","38.4 %","12.9 %","5.59","4.43","4.36","0.6","10021"
"Matt Andriese","Rays","1","2","0","14","2","28.2","9.42","1.88","0.63",".286","67.4 %","46.2 %","7.7 %","3.14","2.67","3.23","0.6","12022"
"Craig Stammen","Padres","1","0","0","20","0","22.2","9.13","1.99","0.40",".295","84.1 %","51.6 %","5.0 %","1.99","2.33","3.19","0.6","7274"
"Tony Watson","Giants","1","2","0","21","0","21.0","10.29","2.14","0.43",".339","85.4 %","49.1 %","6.7 %","2.14","2.31","2.85","0.6","3132"
"Alex Colome","Rays","2","4","10","21","0","20.2","9.58","3.05","0.44",".361","73.4 %","54.8 %","7.1 %","3.92","2.64","3.11","0.6","6661"
"Chad Bettis","Rockies","4","1","0","9","9","55.0","5.73","3.11","0.98",".256","80.2 %","46.3 %","11.8 %","3.27","4.36","4.45","0.6","10587"
"Ryan Yarbrough","Rays","4","2","0","11","3","40.2","7.75","3.10","0.89",".239","68.4 %","33.3 %","7.7 %","3.54","3.93","4.73","0.6","16502"
"Brent Suter","Brewers","3","3","0","10","8","47.2","6.80","1.89","1.32",".307","71.2 %","34.4 %","13.7 %","4.72","4.28","4.10","0.6","13942"
"Noe Ramirez","Angels","1","2","0","23","0","25.2","11.92","3.86","0.35",".388","71.8 %","47.8 %","4.8 %","3.86","2.38","3.20","0.6","12800"
"Roberto Osuna","Blue Jays","0","0","9","15","0","15.1","7.63","0.59","0.00",".340","73.7 %","39.1 %","0.0 %","2.93","2.01","3.39","0.5","13764"
"Ian Kennedy","Royals","1","5","0","10","10","52.2","8.54","2.91","1.54",".340","70.2 %","31.3 %","13.6 %","5.30","4.41","4.23","0.5","6986"
"Nick Kingham","Pirates","2","1","0","3","3","18.1","10.31","0.98","0.98",".227","62.5 %","43.5 %","13.3 %","3.44","2.58","2.49","0.5","11694"
"Archie Bradley","Diamondbacks","1","1","2","23","0","24.0","8.25","2.25","0.75",".238","79.2 %","54.0 %","9.5 %","2.63","3.12","3.46","0.5","12918"
"Chris Devenski","Astros","1","1","2","19","0","17.2","10.70","2.55","0.51",".275","90.4 %","43.6 %","7.1 %","1.53","2.50","3.05","0.5","12763"
"Carl Edwards Jr.","Cubs","2","1","0","21","0","21.0","15.00","4.71","0.86",".317","77.6 %","32.6 %","9.5 %","3.43","2.60","2.98","0.5","13607"
"Jhoulys Chacin","Brewers","3","1","0","10","10","52.0","6.23","3.98","0.87",".259","73.4 %","43.3 %","8.8 %","3.63","4.43","4.96","0.5","2608"
"Richard Rodriguez","Pirates","1","1","0","14","0","17.2","15.28","1.02","0.51",".432","90.9 %","40.5 %","5.9 %","1.53","0.80","1.63","0.5","13549"
"Wade LeBlanc","Mariners","0","0","0","9","4","34.0","7.15","1.32","1.06",".287","86.8 %","34.6 %","8.2 %","2.65","3.59","4.40","0.5","5221"
"Brandon Morrow","Cubs","0","0","10","17","0","16.0","9.00","3.38","0.00",".237","86.7 %","57.9 %","0.0 %","1.13","2.25","3.06","0.5","9346"
"Tyler Chatwood","Cubs","3","3","0","8","8","43.0","8.37","7.12","0.21",".266","77.4 %","51.4 %","3.0 %","3.14","4.08","5.02","0.5","4338"
"Pedro Strop","Cubs","3","0","0","20","0","20.0","8.55","1.80","0.45",".235","89.7 %","41.2 %","5.0 %","1.35","2.47","3.45","0.5","4070"
"John Gant","Cardinals","1","1","0","5","2","17.1","9.35","2.60","0.52",".271","45.5 %","43.8 %","5.3 %","4.67","2.66","3.69","0.5","13684"
"Jake Odorizzi","Twins","3","2","0","10","10","54.0","9.17","3.83","1.67",".257","87.3 %","25.5 %","13.3 %","3.17","4.83","4.67","0.5","6397"
"Jose Leclerc","Rangers","1","1","0","15","0","14.2","11.66","6.14","0.00",".206","41.2 %","25.8 %","0.0 %","2.45","2.58","4.24","0.5","14524"
"Craig Kimbrel","Red Sox","1","1","13","20","0","19.1","12.57","1.86","1.86",".167","100.0 %","30.8 %","19.0 %","2.33","3.64","2.71","0.5","6655"
"Jose Alvarado","Rays","0","1","1","21","0","19.2","8.69","4.12","0.00",".245","68.2 %","65.3 %","0.0 %","3.20","2.72","3.87","0.5","17780"
"Jared Hughes","Reds","2","2","1","22","0","26.2","7.43","2.03","0.34",".257","89.8 %","58.8 %","6.7 %","1.35","2.86","3.29","0.5","9325"
"Zach Eflin","Phillies","1","0","0","3","3","17.1","8.83","3.12","0.52",".205","75.3 %","23.3 %","4.3 %","1.56","2.95","4.35","0.5","13774"
"Reynaldo Lopez","White Sox","1","3","0","9","9","54.1","6.46","3.81","1.16",".213","78.3 %","32.9 %","8.9 %","2.98","4.80","5.48","0.5","16400"
"Jordan Montgomery","Yankees","2","0","0","6","6","27.1","7.57","3.95","0.99",".282","79.3 %","45.7 %","9.7 %","3.62","4.18","4.60","0.5","16511"
"Francisco Liriano","Tigers","3","1","0","9","9","52.2","6.32","4.44","0.85",".214","76.8 %","45.1 %","9.1 %","3.42","4.55","5.01","0.5","3201"
"Taylor Rogers","Twins","1","1","0","19","0","18.2","8.20","2.89","0.00",".375","59.3 %","44.4 %","0.0 %","5.30","2.27","3.40","0.5","13449"
"Sonny Gray","Yankees","3","3","0","9","9","46.0","7.24","4.89","0.98",".308","70.0 %","45.9 %","10.4 %","5.48","4.69","4.97","0.4","12768"
"Sam Gaviglio","Blue Jays","1","0","0","3","1","9.2","11.17","1.86","0.00",".308","90.9 %","42.3 %","0.0 %","0.93","1.57","3.25","0.4","12778"
"David Robertson","Yankees","3","1","1","21","0","21.1","10.55","2.95","0.84",".245","62.5 %","50.0 %","10.0 %","4.22","2.98","3.29","0.4","8241"
"Kirby Yates","Padres","3","0","0","18","0","16.0","11.81","3.38","0.00",".257","88.9 %","42.9 %","0.0 %","1.13","2.18","3.50","0.4","9073"
"Richard Bleier","Orioles","3","0","0","21","0","25.0","3.96","1.44","0.00",".306","87.1 %","58.8 %","0.0 %","1.44","2.84","4.08","0.4","7803"
"Tyler Anderson","Rockies","3","1","0","10","10","49.1","8.57","3.47","1.46",".289","68.1 %","36.0 %","15.1 %","4.74","4.54","4.18","0.4","12880"
"Dylan Floro","Reds","1","0","0","12","0","18.0","9.00","2.50","0.00",".321","82.6 %","60.7 %","0.0 %","1.50","1.96","3.31","0.4","13394"
"Brad Boxberger","Diamondbacks","1","2","12","19","0","18.0","12.00","4.00","1.00",".286","83.3 %","47.7 %","12.5 %","2.00","3.23","3.23","0.4","10133"
"Brad Hand","Padres","1","3","14","22","0","24.1","13.68","4.81","0.74",".250","66.2 %","49.0 %","14.3 %","2.22","3.12","2.99","0.4","9111"
"Addison Reed","Twins","1","3","0","22","0","24.1","9.25","2.59","1.11",".267","87.7 %","25.8 %","7.9 %","2.59","3.66","4.59","0.4","10586"
"Brad Brach","Orioles","0","2","7","19","0","19.0","11.37","5.21","0.47",".370","75.2 %","42.6 %","6.3 %","3.79","3.02","3.70","0.4","6627"
"Fernando Romero","Twins","2","0","0","4","4","21.2","9.14","4.57","0.42",".245","86.5 %","52.8 %","6.3 %","1.66","3.63","4.23","0.4","15885"
"Amir Garrett","Reds","0","0","0","21","0","26.2","10.46","2.70","0.68",".259","94.8 %","41.7 %","12.5 %","1.35","2.78","2.78","0.4","14375"
"Yusmeiro Petit","Athletics","1","0","0","22","0","28.0","5.79","1.61","0.64",".298","71.4 %","46.2 %","6.1 %","3.54","3.30","4.29","0.4","4020"
"Hunter Strickland","Giants","2","1","9","21","0","20.2","9.58","2.18","0.87",".235","86.4 %","41.5 %","10.0 %","2.18","2.98","3.29","0.4","7836"
"Masahiro Tanaka","Yankees","5","2","0","10","10","56.1","7.99","2.24","1.76",".243","65.2 %","46.5 %","20.0 %","4.95","4.84","3.89","0.4","15764"
"Bruce Rondon","White Sox","1","2","1","14","0","15.0","11.40","4.80","0.00",".316","61.9 %","37.8 %","0.0 %","3.60","2.39","3.69","0.4","5766"
"Kyle Hendricks","Cubs","3","3","0","9","9","55.2","7.11","1.78","1.46",".250","79.0 %","49.4 %","18.8 %","3.40","4.34","3.64","0.4","12049"
"Will Harris","Astros","1","2","0","19","0","15.2","8.04","2.87","0.00",".311","68.4 %","57.8 %","0.0 %","3.45","2.29","3.12","0.4","3192"
"Matt Barnes","Red Sox","0","1","0","20","0","19.2","12.36","5.49","0.46",".231","78.7 %","48.7 %","9.1 %","2.75","3.02","3.27","0.4","12863"
"Joey Lucchesi","Padres","3","2","0","9","9","47.1","9.13","2.85","1.52",".287","83.3 %","43.8 %","18.2 %","3.23","4.24","3.55","0.4","19320"
"Aaron Bummer","White Sox","0","1","0","21","0","14.2","9.82","3.68","0.00",".417","63.0 %","54.2 %","0.0 %","3.68","2.37","3.37","0.4","16258"
"Ty Blach","Giants","3","4","0","11","11","57.2","4.21","2.97","0.62",".315","67.6 %","56.9 %","9.3 %","4.37","4.13","4.44","0.4","14361"
"Victor Arano","Phillies","0","0","0","11","0","13.0","9.69","2.08","0.00",".235","81.8 %","37.5 %","0.0 %","1.38","1.66","3.28","0.4","15915"
"Edgar Santana","Pirates","2","0","0","20","0","19.1","7.45","1.86","0.47",".250","73.9 %","56.1 %","6.7 %","2.79","2.76","3.35","0.4","17355"
"Joakim Soria","White Sox","0","2","4","16","0","15.1","11.15","1.76","1.17",".404","66.0 %","33.3 %","9.5 %","5.28","2.93","3.46","0.4","6941"
"Nick Wittgren","Marlins","2","0","0","14","0","14.2","10.43","4.30","0.00",".243","81.3 %","44.4 %","0.0 %","0.61","2.24","3.90","0.4","15594"
"Michael Soroka","Braves","1","1","0","3","3","14.2","9.20","2.45","0.61",".408","63.6 %","42.9 %","11.1 %","3.68","2.78","2.89","0.4","18383"
"Yonny Chirinos","Rays","0","1","0","6","5","26.2","8.10","3.04","0.68",".303","76.7 %","41.6 %","7.7 %","3.71","3.76","4.37","0.4","16401"
"Lou Trivino","Athletics","2","0","0","13","0","16.1","8.27","4.41","0.00",".283","95.2 %","47.8 %","0.0 %","0.55","2.75","4.15","0.4","15043"
"Wade Davis","Rockies","0","0","17","21","0","20.1","10.18","3.98","0.89",".222","82.4 %","43.5 %","10.5 %","2.66","3.47","3.71","0.4","7441"
"Jon Lester","Cubs","4","1","0","9","9","50.0","7.92","3.78","1.08",".254","82.7 %","39.0 %","11.5 %","2.52","4.36","4.49","0.4","4930"
"Ken Giles","Astros","0","1","8","17","0","15.0","7.20","0.00","0.60",".289","63.5 %","43.5 %","5.3 %","3.60","2.39","3.58","0.3","12910"
"Robbie Erlin","Padres","1","3","0","15","2","30.0","7.80","1.20","0.90",".303","57.1 %","47.2 %","12.5 %","4.80","3.09","3.09","0.3","10354"
"Seth Lugo","Mets","1","0","0","17","0","28.1","8.89","2.54","0.64",".250","88.2 %","45.8 %","7.7 %","1.91","3.12","3.70","0.3","12447"
"Jose Alvarez","Angels","2","1","0","23","0","19.2","10.07","2.29","0.92",".302","79.2 %","43.4 %","9.5 %","2.75","2.97","3.38","0.3","5358"
"Nick Vincent","Mariners","2","1","0","22","0","19.0","9.95","2.37","0.95",".351","67.5 %","25.4 %","7.4 %","4.26","3.23","4.17","0.3","7555"
"Dan Jennings","Brewers","2","1","0","23","0","22.1","6.45","2.42","0.40",".279","79.7 %","63.9 %","9.1 %","2.01","3.08","3.30","0.3","8073"
"Paul Sewald","Mets","0","3","0","15","0","25.1","8.88","1.42","1.07",".279","70.2 %","31.0 %","9.1 %","3.91","3.28","3.86","0.3","13892"
"Jameson Taillon","Pirates","2","3","0","9","9","45.1","7.94","2.98","1.19",".281","77.5 %","50.4 %","14.6 %","3.97","4.27","4.02","0.3","11674"
"Keone Kela","Rangers","3","2","8","17","0","16.0","10.69","3.38","1.13",".333","67.7 %","27.9 %","9.1 %","5.06","3.50","4.11","0.3","14696"
"Jace Fry","White Sox","0","0","1","7","0","8.1","12.96","2.16","0.00",".000","100.0 %","38.5 %","0.0 %","0.00","0.96","2.13","0.3","16159"
"Sammy Solis","Nationals","1","1","0","25","0","16.1","13.22","4.96","0.55",".361","70.8 %","50.0 %","10.0 %","4.41","2.82","3.01","0.3","11457"
"James Pazos","Mariners","1","1","0","17","0","17.1","9.35","0.52","0.52",".256","89.7 %","42.9 %","7.7 %","1.56","2.66","3.13","0.3","13323"
"Domingo German","Yankees","0","1","0","7","2","25.1","9.95","4.26","1.07",".274","71.9 %","33.8 %","12.5 %","4.26","3.87","3.87","0.3","17149"
"Matt Albers","Brewers","2","1","1","19","0","22.0","6.95","1.64","0.82",".246","93.8 %","47.5 %","10.0 %","1.23","3.44","3.74","0.3","4300"
"Jonathan Holder","Yankees","1","1","0","13","0","14.1","9.42","1.26","0.63",".243","37.7 %","27.8 %","5.6 %","3.77","2.35","3.49","0.3","16588"
"Jakob Junis","Royals","5","3","0","9","9","56.1","7.67","1.92","1.76",".242","86.4 %","39.3 %","15.1 %","3.51","4.76","4.32","0.3","13619"
"Seranthony Dominguez","Phillies","0","0","1","7","0","7.2","9.39","0.00","0.00",".063","100.0 %","37.5 %","0.0 %","0.00","1.43","2.91","0.3","19249"
"Ryan Buchter","Athletics","1","0","0","13","0","10.2","9.28","3.38","0.84",".300","79.4 %","30.0 %","7.7 %","1.69","3.40","4.16","0.3","9456"
"Christian Bergman","Mariners","0","0","0","1","1","7.0","6.43","0.00","0.00",".111","100.0 %","50.0 %","0.0 %","0.00","1.69","3.55","0.3","10925"
"Hector Rondon","Astros","1","1","0","17","0","15.2","9.77","1.72","0.57",".326","78.3 %","37.2 %","5.6 %","2.30","2.36","3.39","0.3","2391"
"Doug Fister","Rangers","1","4","0","8","8","44.2","6.65","3.02","1.21",".299","76.4 %","47.1 %","17.6 %","3.43","4.73","4.22","0.3","9425"
"Steven Brault","Pirates","3","1","0","11","5","36.2","7.61","4.42","0.74",".272","68.4 %","45.1 %","7.5 %","4.42","4.13","4.84","0.3","15291"
"Phil Maton","Padres","0","0","0","15","0","16.0","9.56","3.94","0.00",".348","95.8 %","42.2 %","0.0 %","0.56","2.50","4.22","0.3","18064"
"Brandon Kintzler","Nationals","1","2","1","23","0","22.0","8.18","4.09","0.41",".344","68.6 %","47.5 %","6.7 %","4.50","3.26","3.78","0.3","9939"
"Jacob Barnes","Brewers","0","1","2","17","0","19.0","9.00","4.26","0.47",".379","75.2 %","54.4 %","7.7 %","2.84","3.23","3.65","0.3","12323"
"Dylan Bundy","Orioles","2","6","0","10","10","53.2","10.57","3.19","2.18",".312","73.1 %","34.7 %","17.6 %","4.70","5.10","4.19","0.3","12917"
"Brad Peacock","Astros","1","1","1","16","0","17.2","12.74","2.04","1.53",".194","100.0 %","42.1 %","18.8 %","2.04","3.18","2.44","0.3","5401"
"Alex Claudio","Rangers","1","2","1","22","0","22.1","3.63","0.81","0.40",".400","70.7 %","60.7 %","6.7 %","4.84","3.44","3.94","0.3","12890"
"Collin McHugh","Astros","1","0","0","14","0","17.2","12.23","2.55","0.51",".270","100.0 %","47.4 %","7.1 %","0.51","2.16","2.71","0.3","7531"
"Will Smith","Giants","0","0","0","9","0","8.0","12.38","2.25","0.00",".188","80.0 %","56.3 %","0.0 %","0.00","1.12","2.14","0.3","8048"
"Robbie Ray","Diamondbacks","2","0","0","6","6","27.2","14.64","5.53","1.63",".357","75.0 %","32.2 %","19.2 %","4.88","4.17","3.35","0.3","11486"
"Cole Hamels","Rangers","2","4","0","9","9","51.2","9.93","3.66","1.57",".271","81.1 %","43.0 %","18.4 %","3.48","4.81","4.08","0.3","4972"
"Andrew Chafin","Diamondbacks","0","1","0","24","0","16.1","9.92","4.96","0.00",".302","79.2 %","50.0 %","0.0 %","2.20","2.94","4.03","0.3","12988"
"Zach Duke","Twins","2","2","0","20","0","15.0","12.00","6.60","0.00",".366","75.9 %","53.8 %","0.0 %","3.60","3.26","4.34","0.2","3840"
"Hector Velazquez","Red Sox","5","0","0","10","2","25.2","6.31","1.75","1.05",".304","94.0 %","43.2 %","10.7 %","2.10","4.06","4.31","0.2","19341"
"Marco Estrada","Blue Jays","2","4","0","9","9","50.2","7.11","2.66","1.95",".295","75.1 %","25.6 %","12.6 %","5.15","5.25","5.22","0.2","1118"
"Marcus Walden","Red Sox","0","0","1","8","0","14.2","8.59","1.84","0.00",".341","61.1 %","58.5 %","0.0 %","3.68","2.03","2.92","0.2","8004"
"Oliver Drake","- - -","1","0","0","12","0","14.0","10.29","5.14","0.00",".385","60.9 %","47.4 %","0.0 %","5.79","2.55","3.71","0.2","8823"
"Jordan Lyles","Padres","1","1","0","16","3","37.2","8.60","2.63","1.19",".227","78.1 %","38.6 %","10.9 %","3.11","3.89","4.15","0.2","7593"
"Dellin Betances","Yankees","1","2","0","18","0","19.0","16.11","2.84","1.89",".400","70.7 %","48.7 %","40.0 %","4.74","3.23","1.35","0.2","6216"
"AJ Ramos","Mets","2","2","0","25","0","18.0","10.00","5.50","0.50",".279","66.4 %","28.6 %","4.8 %","4.50","3.46","4.63","0.2","8350"
"T.J. McFarland","Diamondbacks","2","1","0","14","0","29.1","4.60","1.53","0.61",".255","85.1 %","57.4 %","9.1 %","1.84","3.50","3.83","0.2","3237"
"Yoshihisa Hirano","Diamondbacks","2","0","0","22","0","20.1","7.97","2.21","0.89",".184","83.3 %","43.1 %","11.1 %","2.21","3.37","3.53","0.2","19756"
"Bobby Poyner","Red Sox","1","0","0","9","0","9.2","8.38","0.93","0.93",".367","94.8 %","28.6 %","9.1 %","1.86","2.92","3.42","0.2","17987"
"Tony Cingrani","Dodgers","0","2","0","20","0","15.1","14.67","2.93","1.17",".382","52.1 %","55.9 %","18.2 %","7.04","2.93","2.40","0.2","12555"
"Jake Diekman","Rangers","0","0","1","21","0","16.0","11.81","7.88","0.00",".275","73.1 %","52.5 %","0.0 %","3.38","3.31","4.63","0.2","5003"
"Tyler Olson","Indians","0","1","0","19","0","13.1","12.15","2.03","1.35",".333","53.0 %","45.7 %","13.3 %","6.08","3.05","2.92","0.2","14741"
"Luis Avilan","White Sox","1","0","0","19","0","13.0","11.77","4.85","0.69",".395","60.2 %","34.2 %","7.7 %","4.85","3.12","3.75","0.2","2882"
"Blake Parker","Angels","1","1","2","22","0","22.2","10.32","2.78","1.19",".310","88.2 %","31.1 %","12.0 %","2.78","3.48","3.55","0.2","5224"
"Drew Steckenrider","Marlins","2","1","0","21","0","20.0","12.60","4.50","0.90",".370","63.8 %","36.2 %","13.3 %","5.85","3.42","3.34","0.2","18806"
"Marcus Stroman","Blue Jays","0","5","0","7","7","37.1","7.71","4.34","1.21",".339","52.6 %","60.5 %","19.2 %","7.71","4.60","3.99","0.2","13431"
"Freddy Peralta","Brewers","1","0","0","2","2","9.2","16.76","7.45","0.93",".231","75.5 %","50.0 %","33.3 %","3.72","3.23","2.38","0.2","18679"
"Aaron Loup","Blue Jays","0","0","0","21","0","18.2","8.20","2.41","0.48",".333","72.0 %","43.1 %","5.6 %","3.38","2.80","3.67","0.2","10343"
"Steve Cishek","Cubs","1","0","1","22","0","21.0","8.57","5.14","0.00",".226","81.5 %","52.8 %","0.0 %","1.71","3.36","4.52","0.2","6483"
"Aaron Sanchez","Blue Jays","2","4","0","9","9","50.1","7.15","5.19","0.89",".293","72.4 %","53.9 %","11.4 %","4.47","4.91","5.04","0.2","11490"
"Anibal Sanchez","Braves","1","0","0","3","2","14.0","9.00","3.86","0.64",".278","96.4 %","43.2 %","9.1 %","1.29","3.55","3.90","0.2","3284"
"Matt Wisler","Braves","1","1","0","3","3","17.1","6.75","2.60","1.04",".280","76.9 %","26.9 %","8.3 %","3.63","3.99","4.74","0.2","12804"
"Cody Allen","Indians","2","1","6","19","0","19.0","9.95","3.79","0.95",".292","81.1 %","24.5 %","7.4 %","3.32","3.70","4.64","0.2","12183"
"Erik Goeddel","- - -","3","0","0","7","0","9.0","11.00","7.00","0.00",".263","91.7 %","44.4 %","0.0 %","1.00","3.01","4.27","0.2","11712"
"David Hernandez","Reds","1","0","0","10","0","13.1","8.78","4.05","0.00",".278","76.5 %","22.9 %","0.0 %","2.70","2.75","4.45","0.2","4259"
"Zack Wheeler","Mets","2","3","0","7","7","38.0","9.00","4.03","1.42",".324","67.8 %","48.7 %","15.0 %","5.92","4.60","4.25","0.2","10310"
"Eric Skoglund","Royals","1","4","0","8","8","45.1","6.95","2.38","1.39",".304","61.6 %","42.9 %","13.7 %","6.15","4.71","4.53","0.2","16155"
"Nate Jones","White Sox","2","1","3","18","0","18.0","10.00","3.50","1.00",".277","80.2 %","43.8 %","10.5 %","3.50","3.84","4.11","0.2","4696"
"John Axford","Blue Jays","0","0","0","20","0","22.0","8.18","3.27","0.41",".317","76.1 %","51.7 %","5.3 %","3.27","3.12","3.93","0.2","9059"
"Jim Johnson","Angels","2","1","1","24","0","24.0","7.88","3.38","0.75",".324","64.1 %","44.4 %","7.7 %","4.13","3.58","4.26","0.2","3656"
"Tanner Scott","Orioles","0","0","0","7","0","9.1","9.64","2.89","0.00",".385","61.5 %","46.2 %","0.0 %","4.82","1.94","3.34","0.2","17586"
"Edubray Ramos","Phillies","1","0","1","20","0","17.2","11.21","4.08","1.02",".297","98.9 %","34.2 %","12.5 %","1.02","3.46","3.46","0.2","16086"
"Roberto Gomez","Giants","1","0","0","5","0","9.1","7.71","0.96","0.00",".513","50.0 %","50.0 %","0.0 %","7.71","2.05","3.79","0.2","12963"
"Kevin McCarthy","Royals","3","1","0","15","0","17.2","5.60","2.04","0.51",".309","69.4 %","58.2 %","14.3 %","3.06","3.46","3.37","0.2","15240"
"Chris Stratton","Giants","5","3","0","10","10","53.0","7.13","4.08","1.02",".301","67.5 %","37.9 %","10.5 %","4.92","4.42","4.70","0.2","13761"
"Luis Perdomo","Padres","1","2","0","4","4","14.0","10.93","5.79","0.64",".510","60.7 %","38.8 %","7.7 %","8.36","3.77","4.34","0.2","14682"
"Keynan Middleton","Angels","0","0","6","16","0","17.2","8.15","4.58","0.51",".295","88.5 %","33.3 %","5.3 %","2.04","3.74","4.76","0.2","15264"
"Sam Tuivailala","Cardinals","0","0","0","10","0","11.0","7.36","3.27","0.00",".353","81.3 %","42.4 %","0.0 %","2.45","2.58","4.50","0.2","13485"
"Elieser Hernandez","Marlins","0","1","0","4","2","13.0","4.15","0.69","0.69",".302","88.2 %","40.9 %","6.3 %","2.08","3.43","4.43","0.2","16933"
"Robert Gsellman","Mets","4","0","1","21","0","29.1","8.59","3.38","0.92",".273","81.8 %","57.1 %","15.8 %","2.76","3.77","3.49","0.2","13696"
"Andrew Triggs","Athletics","3","1","0","9","9","41.1","9.36","3.92","1.52",".270","70.5 %","47.4 %","16.3 %","5.23","4.77","4.26","0.2","13533"
"Heath Hembree","Red Sox","2","1","0","21","0","22.0","10.64","3.27","1.23",".344","71.9 %","49.2 %","14.3 %","4.91","3.62","3.40","0.2","11632"
"Blaine Hardy","Tigers","0","0","0","6","2","13.0","7.62","2.08","1.38",".350","87.2 %","12.5 %","8.7 %","3.46","4.35","5.23","0.2","6499"
"Matt Magill","Twins","1","0","0","9","0","11.2","7.71","0.77","0.77",".324","94.8 %","37.1 %","5.9 %","1.54","2.78","4.03","0.2","3950"
"Trevor Oaks","Royals","0","1","0","1","1","5.0","7.20","1.80","0.00",".571","61.5 %","40.0 %","0.0 %","9.00","2.12","3.75","0.2","16468"
"Sam Freeman","Braves","1","1","0","23","0","18.2","8.68","5.79","0.00",".233","65.2 %","54.8 %","0.0 %","2.89","3.28","4.15","0.2","6832"
"Drew VerHagen","Tigers","0","1","0","9","0","10.0","9.90","6.30","0.00",".250","46.2 %","41.7 %","0.0 %","6.30","3.02","5.13","0.2","13424"
"Jason Hammel","Royals","0","5","0","9","9","53.0","4.58","2.72","1.19",".297","59.3 %","41.1 %","9.7 %","6.28","4.78","5.27","0.2","4538"
"Jose Quintana","Cubs","5","3","0","9","9","48.1","8.38","4.66","1.30",".287","71.9 %","45.3 %","14.6 %","4.47","4.69","4.42","0.2","11423"
"Luis Castillo","Reds","3","4","0","10","10","51.1","8.77","3.51","1.75",".322","69.8 %","48.7 %","19.6 %","5.61","4.88","3.96","0.2","15689"
"Pedro Baez","Dodgers","1","3","0","21","0","22.1","11.69","5.24","0.81",".367","79.6 %","36.7 %","8.0 %","3.63","3.57","4.22","0.2","5420"
"Seung Hwan Oh","Blue Jays","1","0","1","21","0","21.0","9.00","2.14","1.29",".271","91.4 %","32.3 %","10.0 %","2.57","3.84","4.30","0.2","18719"
"Odrisamer Despaigne","Marlins","2","0","0","8","1","14.2","7.36","2.45","0.61",".341","51.0 %","31.8 %","7.7 %","6.14","3.39","3.95","0.2","16017"
"Reyes Moronta","Giants","1","0","0","19","0","21.0","9.43","6.00","0.43",".226","85.9 %","38.9 %","4.0 %","1.29","3.65","4.96","0.2","14966"
"Chris Martin","Rangers","0","1","0","17","0","15.0","9.00","1.80","1.20",".349","69.8 %","40.9 %","16.7 %","4.80","3.46","3.02","0.2","11847"
"Brad Keller","Royals","1","1","0","18","0","18.1","4.91","2.45","0.49",".259","86.7 %","61.0 %","7.7 %","1.96","3.56","4.00","0.2","15734"
"Juan Nicasio","Mariners","1","2","0","23","0","21.2","9.14","0.83","1.66",".365","64.1 %","34.8 %","12.9 %","5.82","3.77","3.69","0.2","7731"
"Brandon McCarthy","Braves","4","2","0","9","9","46.1","7.38","3.30","1.36",".361","72.5 %","48.3 %","21.2 %","5.05","4.55","3.74","0.2","4662"
"Yu Darvish","Cubs","1","3","0","8","8","40.0","11.03","4.73","1.58",".293","72.3 %","37.6 %","17.5 %","4.95","4.82","4.17","0.2","13074"
"Kyle Crick","Pirates","0","0","0","13","0","12.1","11.68","4.38","0.73",".281","82.2 %","38.7 %","7.7 %","2.19","3.04","3.70","0.2","13182"
"Brett Cecil","Cardinals","0","1","0","6","0","3.1","8.10","2.70","0.00",".250","66.7 %","62.5 %","0.0 %","2.70","2.22","3.68","0.2","2660"
"Darren O'Day","Orioles","0","1","2","13","0","14.1","11.30","1.26","1.88",".273","78.1 %","25.0 %","16.7 %","3.77","4.38","3.70","0.1","3321"
"Raisel Iglesias","Reds","1","0","8","20","0","21.2","11.22","3.32","1.25",".205","95.2 %","36.2 %","15.8 %","2.08","3.68","3.30","0.1","17130"
"Ryan Cook","Mariners","0","0","0","2","0","2.0","9.00","0.00","0.00",".250","100.0 %","50.0 %","0.0 %","0.00","1.12","1.93","0.1","8855"
"Jake Faria","Rays","3","2","0","9","9","45.0","7.00","4.20","1.20",".252","67.2 %","31.6 %","10.2 %","5.20","4.90","5.30","0.1","13699"
"Taijuan Walker","Diamondbacks","0","0","0","3","3","13.0","6.23","3.46","0.69",".341","80.7 %","42.5 %","8.3 %","3.46","3.89","4.39","0.1","11836"
"Andrew Miller","Indians","1","2","1","14","0","11.2","16.20","6.94","0.77",".381","86.0 %","59.1 %","16.7 %","3.09","3.47","3.19","0.1","6785"
"Scott Oberg","Rockies","1","0","0","10","0","11.0","8.18","4.09","0.00",".343","57.9 %","51.4 %","0.0 %","6.55","3.21","4.25","0.1","13911"
"Mike Leake","Mariners","4","3","0","9","9","51.0","6.00","2.82","1.41",".325","65.4 %","44.5 %","13.8 %","6.00","4.89","4.69","0.1","10130"
"Josh Lucas","Athletics","0","0","0","2","0","6.2","9.45","2.70","0.00",".267","83.3 %","53.3 %","0.0 %","1.35","1.92","3.14","0.1","11686"
"Miguel Castro","Orioles","1","1","0","17","0","28.1","6.04","4.13","0.64",".262","76.7 %","51.2 %","7.1 %","3.18","4.18","4.87","0.1","15684"
"Santiago Casilla","Athletics","0","0","1","14","0","20.0","6.30","4.95","0.00",".185","65.2 %","38.9 %","0.0 %","3.60","3.67","5.78","0.1","2873"
"Carson Smith","Red Sox","1","1","0","18","0","14.1","11.30","3.77","1.26",".316","81.4 %","52.5 %","18.2 %","3.77","3.68","3.11","0.1","13172"
"Silvino Bracho","Diamondbacks","1","0","0","7","0","8.1","12.96","4.32","0.00",".188","90.0 %","46.7 %","0.0 %","1.08","2.76","3.93","0.1","15051"
"Chris Volstad","White Sox","0","2","0","12","1","24.0","7.13","2.25","1.13",".360","79.3 %","62.3 %","15.0 %","4.13","4.04","3.77","0.1","9901"
"Derek Holland","Giants","2","5","0","9","9","47.1","7.99","3.80","1.52",".246","65.6 %","35.6 %","11.9 %","4.94","4.81","4.91","0.1","4141"
"Tyler Glasnow","Pirates","1","1","0","11","0","22.2","12.31","5.16","0.79",".351","62.1 %","51.7 %","13.3 %","5.96","3.25","3.18","0.1","14374"
"Tim Hill","Royals","0","1","0","18","0","13.2","7.90","3.29","0.66",".282","72.3 %","60.5 %","11.1 %","3.29","3.63","3.75","0.1","16814"
"Tayron Guerrero","Marlins","0","2","0","23","0","21.1","13.08","5.06","0.84",".353","70.5 %","51.9 %","16.7 %","4.64","3.40","3.10","0.1","11691"
"Adam Liberatore","Dodgers","1","1","0","12","0","8.0","9.00","4.50","0.00",".286","70.0 %","60.0 %","0.0 %","3.38","2.62","3.64","0.1","10637"
"Brooks Pounders","Rockies","0","0","0","5","0","8.0","13.50","0.00","1.13",".474","72.9 %","35.0 %","16.7 %","4.50","2.12","1.72","0.1","10387"
"Tommy Hunter","Phillies","1","0","0","12","0","9.2","8.38","1.86","0.93",".394","75.3 %","61.8 %","14.3 %","4.66","3.23","3.06","0.1","1157"
"Wade Miley","Brewers","1","0","0","2","2","6.1","5.68","5.68","0.00",".211","87.5 %","47.4 %","0.0 %","1.42","3.75","5.04","0.1","8779"
"Matt Moore","Rangers","1","5","0","10","9","41.2","7.13","4.54","1.30",".390","60.3 %","38.8 %","9.8 %","7.99","5.21","5.72","0.1","1890"
"Artie Lewicki","Tigers","0","0","0","3","0","8.0","7.88","4.50","0.00",".393","66.7 %","28.6 %","0.0 %","5.63","2.87","5.11","0.1","16731"
"Ariel Jurado","Rangers","0","1","0","1","1","4.2","3.86","3.86","0.00",".333","50.0 %","50.0 %","0.0 %","7.71","3.55","5.64","0.1","17030"
"Tony Sipp","Astros","0","0","0","10","0","8.1","7.56","3.24","0.00",".261","55.6 %","39.1 %","0.0 %","4.32","2.52","3.89","0.1","8280"
"Dylan Covey","White Sox","0","1","0","1","1","6.0","4.50","4.50","0.00",".333","60.0 %","52.4 %","0.0 %","6.00","3.62","4.98","0.1","14825"
"Tony Barnette","Rangers","0","0","0","10","0","12.1","9.49","2.19","0.73",".194","37.7 %","53.1 %","10.0 %","2.92","3.28","3.55","0.1","3555"
"Julio Teheran","Braves","4","1","0","10","10","54.0","7.83","4.00","1.50",".241","78.4 %","36.7 %","13.6 %","4.17","5.05","4.87","0.1","6797"
"Jerry Blevins","Mets","1","0","0","20","0","8.1","6.48","6.48","0.00",".280","61.5 %","24.0 %","0.0 %","5.40","3.84","6.77","0.1","7841"
"Andrew Suarez","Giants","1","3","0","5","5","27.2","9.11","1.63","1.95",".329","67.7 %","46.8 %","22.2 %","4.88","4.46","3.23","0.1","18300"
"Ben Lively","Phillies","0","2","0","5","5","23.2","8.37","3.80","1.52",".395","70.1 %","27.5 %","12.5 %","6.85","5.11","5.11","0.1","14932"
"John Brebbia","Cardinals","0","1","1","8","0","13.0","10.38","1.38","1.38",".273","68.6 %","34.3 %","13.3 %","4.15","3.28","3.15","0.1","12777"
"Jake Thompson","Phillies","0","0","1","3","0","8.2","9.35","4.15","0.00",".345","42.9 %","42.9 %","0.0 %","7.27","2.43","4.30","0.1","14371"
"Ben Taylor","Indians","0","0","0","3","0","3.1","13.50","2.70","0.00",".286","66.7 %","57.1 %","0.0 %","2.70","1.02","2.00","0.1","18114"
"Brian Duensing","Cubs","1","0","0","21","0","14.2","6.75","6.14","0.00",".205","94.7 %","44.7 %","0.0 %","0.61","3.87","5.09","0.1","4064"
"Luis Garcia","Phillies","2","1","0","23","0","18.0","6.50","3.00","0.50",".200","71.4 %","50.0 %","7.1 %","3.50","4.07","4.61","0.1","6984"
"Bryan Shaw","Rockies","1","2","0","26","0","23.1","10.03","4.63","1.16",".339","71.4 %","50.0 %","16.7 %","5.01","4.11","3.69","0.1","8110"
"Zach Davies","Brewers","2","3","0","6","6","34.0","6.62","3.18","1.32",".260","74.4 %","48.0 %","14.7 %","4.24","4.89","4.60","0.1","13183"
"Ariel Miranda","Mariners","0","0","0","1","1","5.0","9.00","7.20","0.00",".400","90.0 %","40.0 %","0.0 %","1.80","3.52","4.82","0.1","17526"
"A.J. Minter","Braves","3","0","2","21","0","19.0","8.53","5.68","0.47",".327","84.5 %","34.0 %","6.3 %","2.84","3.96","4.65","0.1","18655"
"Chad Kuhl","Pirates","4","2","0","9","9","49.2","8.52","3.26","1.63",".309","73.6 %","36.9 %","17.0 %","4.53","4.79","4.17","0.1","14975"
"Derek Law","Giants","0","0","0","4","0","9.0","10.00","4.00","0.00",".387","47.1 %","38.7 %","0.0 %","7.00","2.57","4.55","0.1","13133"
"Anthony Banda","Rays","0","0","0","2","1","8.1","3.24","2.16","1.08",".296","62.5 %","29.6 %","9.1 %","5.40","4.68","5.27","0.1","14706"
"Andrew Cashner","Orioles","2","5","0","10","10","55.1","8.13","4.39","1.79",".304","76.8 %","38.0 %","16.4 %","4.72","5.42","4.80","0.1","8782"
"Ryan Tepera","Blue Jays","3","1","0","23","0","21.2","10.38","2.91","1.66",".298","93.1 %","46.0 %","21.1 %","2.91","4.32","3.35","0.1","10291"
"Pierce Johnson","Giants","2","2","0","20","0","23.0","6.26","3.91","0.39",".246","54.7 %","45.5 %","3.8 %","5.09","3.60","4.87","0.1","13435"
"Matt Harvey","- - -","0","2","0","10","6","35.0","6.94","2.31","1.80",".306","65.5 %","37.4 %","17.1 %","6.17","5.04","4.34","0.1","11713"
"Scott Barlow","Royals","0","0","0","2","0","3.2","2.45","0.00","0.00",".450","66.7 %","45.0 %","0.0 %","4.91","2.58","5.23","0.1","14993"
"Matt Shoemaker","Angels","1","0","0","1","1","5.2","6.35","6.35","0.00",".250","62.5 %","43.8 %","0.0 %","4.76","3.83","4.97","0.1","4776"
"Antonio Senzatela","Rockies","2","1","0","10","0","17.1","7.27","3.12","1.04",".362","62.5 %","57.6 %","11.1 %","6.23","4.22","4.41","0.1","15488"
"Nick Gardewine","Rangers","0","0","0","3","0","5.0","7.20","0.00","0.00",".389","75.0 %","22.2 %","0.0 %","3.60","2.12","4.40","0.1","16513"
"Luis Cessa","Yankees","0","0","0","3","0","4.0","11.25","2.25","0.00",".333","50.0 %","44.4 %","0.0 %","4.50","1.37","2.18","0.1","13345"
"Adam Warren","Yankees","0","1","0","8","0","8.1","11.88","4.32","1.08",".391","87.3 %","50.0 %","14.3 %","3.24","3.48","3.29","0.1","9029"
"Alex Cobb","Orioles","1","5","0","7","7","35.2","4.79","1.77","1.77",".388","62.9 %","52.1 %","18.4 %","6.56","5.28","4.46","0.1","6562"
"Kenley Jansen","Dodgers","0","1","8","19","0","19.2","8.69","2.75","1.37",".236","73.0 %","31.0 %","11.1 %","3.20","4.09","4.34","0.1","3096"
"Casey Lawrence","Mariners","0","0","0","4","0","8.0","7.88","4.50","0.00",".385","43.8 %","46.2 %","0.0 %","10.13","3.62","5.65","0.1","11121"
"Eddie Butler","Cubs","0","1","0","6","0","14.2","6.14","3.07","0.61",".244","51.3 %","66.7 %","10.0 %","4.30","3.67","3.89","0.1","13453"
"Nick Tropeano","Angels","1","3","0","6","6","32.1","7.24","4.18","1.39",".276","76.3 %","35.9 %","12.8 %","4.45","5.01","4.96","0.1","12385"
"Trevor Richards","Marlins","0","2","0","5","5","23.2","9.13","5.32","1.14",".297","71.0 %","38.8 %","11.5 %","4.94","4.77","4.91","0.1","19309"
"Kevin Shackelford","Reds","0","1","0","5","0","8.0","7.88","4.50","0.00",".448","55.6 %","37.9 %","0.0 %","7.88","3.25","5.07","0.1","11012"
"Fernando Salas","Diamondbacks","3","4","0","22","0","24.0","7.13","2.63","1.13",".306","68.4 %","41.7 %","10.0 %","4.88","4.04","4.44","0.1","4971"
"Mike Wright","Orioles","0","0","0","10","2","24.0","7.13","5.25","0.75",".378","54.1 %","31.0 %","6.7 %","7.88","4.62","5.57","0.1","12586"
"Jesse Biddle","Braves","1","0","0","11","0","13.0","9.00","4.15","0.69",".314","84.3 %","61.1 %","14.3 %","2.77","3.51","3.38","0.1","11437"
"Adrian Houser","Brewers","0","0","0","1","0","2.0","13.50","0.00","0.00",".250","100.0 %","25.0 %","0.0 %","0.00","0.12","1.75","0.1","12718"
"Kris Medlen","Diamondbacks","0","1","0","1","1","4.0","9.00","9.00","0.00",".529","46.2 %","47.1 %","0.0 %","15.75","4.12","6.15","0.1","9417"
"Kyle Barraclough","Marlins","0","2","1","22","0","21.2","10.80","4.98","0.83",".128","88.5 %","46.8 %","13.3 %","1.66","3.86","3.79","0.1","13713"
"Donnie Hart","Orioles","0","0","0","4","0","4.2","3.86","0.00","0.00",".316","66.7 %","52.6 %","0.0 %","1.93","2.27","4.35","0.1","15306"
"Adam Conley","Marlins","0","0","0","1","0","1.0","9.00","0.00","0.00",".333","100.0 %","33.3 %","0.0 %","0.00","1.12","2.75","0.1","14457"
"Tyler Beede","Giants","0","1","0","2","2","7.2","10.57","9.39","0.00",".409","61.1 %","45.5 %","0.0 %","8.22","4.30","5.57","0.1","16981"
"Josh Fields","Dodgers","2","1","2","22","0","21.2","7.89","2.49","1.25",".214","95.2 %","25.4 %","9.7 %","2.08","4.00","4.52","0.1","5070"
"Fernando Rodney","Twins","1","2","10","18","0","16.2","8.10","3.78","1.08",".261","78.1 %","45.8 %","11.8 %","2.70","4.32","4.42","0.0","494"
"Miguel Socolovich","Braves","0","0","0","2","0","3.0","9.00","3.00","0.00",".333","25.0 %","22.2 %","0.0 %","9.00","2.12","4.29","0.0","6697"
"Yacksel Rios","Phillies","3","1","0","18","0","17.0","9.53","3.71","1.06",".400","74.5 %","46.2 %","14.3 %","5.29","4.12","3.93","0.0","15007"
"Gregory Infante","White Sox","1","1","0","10","0","9.0","6.00","8.00","0.00",".429","60.0 %","35.7 %","0.0 %","8.00","4.46","6.26","0.0","9119"
"Brandon Woodruff","Brewers","2","0","0","7","3","17.1","8.83","3.63","1.56",".327","63.0 %","50.9 %","17.6 %","6.75","4.80","4.14","0.0","16162"
"Jackson Stephens","Reds","0","0","0","5","0","10.0","7.20","1.80","0.90",".389","78.3 %","42.9 %","7.7 %","4.50","3.72","4.53","0.0","14420"
"Arodys Vizcaino","Braves","1","2","8","21","0","20.2","9.15","4.35","0.87",".231","85.6 %","24.1 %","8.0 %","2.61","3.94","4.65","0.0","5498"
"Adam Morgan","Phillies","0","0","0","18","0","11.1","10.32","6.35","0.79",".259","82.2 %","53.6 %","11.1 %","2.38","4.09","4.24","0.0","12580"
"Mike Fiers","Tigers","4","3","0","8","8","43.1","5.82","1.45","2.08",".265","73.2 %","40.3 %","16.1 %","4.57","5.45","4.78","0.0","7754"
"Alec Asher","Brewers","0","0","0","1","0","2.0","9.00","4.50","0.00",".333","100.0 %","33.3 %","0.0 %","0.00","2.62","4.25","0.0","13560"
"Tyler Webb","Padres","0","1","0","2","0","3.1","8.10","5.40","0.00",".300","40.0 %","60.0 %","0.0 %","8.10","3.12","4.58","0.0","14974"
"Tim Collins","Nationals","0","0","0","1","0","1.0","18.00","0.00","0.00",".500","100.0 %","50.0 %","0.0 %","0.00","-0.88","0.75","0.0","3164"
"Louis Coleman","Tigers","1","0","0","4","0","5.2","4.76","3.18","0.00",".200","100.0 %","46.2 %","0.0 %","0.00","3.65","3.94","0.0","9720"
"Bryan Holaday","Marlins","0","0","0","1","0","1.0","9.00","0.00","0.00",".000","100.0 %","0.0 %","0.0 %","0.00","1.12","4.37","0.0","11287"
"Chasen Shreve","Yankees","2","0","0","17","0","16.1","12.12","3.86","1.65",".275","61.8 %","44.2 %","18.8 %","3.31","4.29","3.49","0.0","10855"
"Luiz Gohara","Braves","0","0","1","3","0","7.0","6.43","2.57","1.29",".059","100.0 %","5.6 %","7.1 %","1.29","4.41","5.80","0.0","15166"
"Chad Bell","Tigers","0","1","0","3","0","7.1","8.59","2.45","1.23",".500","61.6 %","44.4 %","14.3 %","8.59","3.80","3.58","0.0","10297"
"Randy Rosario","Cubs","0","0","0","1","0","2.0","9.00","4.50","0.00",".000","100.0 %","100.0 %","0.0 %","0.00","2.62","2.62","0.0","14508"
"Jake Barrett","Diamondbacks","0","0","0","1","0","1.0","9.00","0.00","0.00",".000","100.0 %","100.0 %","0.0 %","0.00","1.12","1.12","0.0","13322"
"Peter Moylan","Braves","0","0","0","21","0","15.1","9.39","7.63","0.00",".465","85.3 %","57.1 %","0.0 %","2.93","3.77","4.09","0.0","4891"
"Buck Farmer","Tigers","0","3","0","23","0","20.2","10.02","6.10","0.87",".370","69.3 %","45.5 %","13.3 %","4.79","4.19","4.11","0.0","14814"
"Jesse Chavez","Rangers","2","0","0","15","0","29.0","9.31","1.86","1.86",".341","79.8 %","47.3 %","20.0 %","4.66","4.36","3.35","0.0","5448"
"Cory Mazzoni","Cubs","0","0","0","1","0","1.0","9.00","0.00","0.00",".000","100.0 %","100.0 %","0.0 %","0.00","1.12","1.12","0.0","12537"
"Yohander Mendez","Rangers","0","0","0","1","0","0.2","0.00","0.00","0.00",".333","100.0 %","33.3 %","0.0 %","0.00","3.12","7.99","0.0","14391"
"Daniel Descalso","Diamondbacks","0","0","0","1","0","0.2","13.50","0.00","0.00",".000","100.0 %","0.0 %","0.0 %","0.00","0.12","2.56","0.0","8392"
"Austin Brice","Reds","1","2","0","21","0","25.0","9.36","2.52","1.44",".288","64.4 %","50.7 %","19.0 %","4.68","4.20","3.49","0.0","17237"
"Drew Pomeranz","Red Sox","1","2","0","6","6","28.2","8.79","5.02","1.57",".357","70.5 %","36.0 %","13.5 %","5.97","5.11","4.94","0.0","11426"
"Chasen Bradford","Mariners","3","0","0","14","0","17.1","6.75","2.08","1.04",".220","86.4 %","55.8 %","12.5 %","2.60","4.16","4.16","0.0","12452"
"Bartolo Colon","Rangers","2","2","0","10","8","56.1","5.75","0.80","2.08",".207","86.6 %","49.7 %","22.4 %","3.51","5.22","3.89","0.0","375"
"Hunter Wood","Rays","0","0","0","1","0","2.1","3.86","3.86","0.00",".400","80.0 %","50.0 %","0.0 %","3.86","3.55","4.94","0.0","15091"
"Daniel Robertson","Rays","0","0","0","1","0","1.0","0.00","0.00","0.00",".000","100.0 %","0.0 %","0.0 %","0.00","3.12","6.37","0.0","14145"
"Daniel Stumpf","Tigers","1","3","0","25","0","15.2","7.47","6.32","0.57",".377","68.6 %","34.6 %","5.6 %","6.32","4.40","5.44","0.0","13780"
"Pablo Sandoval","Giants","0","0","0","1","0","1.0","0.00","0.00","0.00",".000","100.0 %","100.0 %","0.0 %","0.00","3.12","3.12","0.0","5409"
"Hernan Perez","Brewers","0","0","0","1","0","0.1","0.00","0.00","0.00",".000","100.0 %","0.0 %","0.0 %","0.00","3.12","7.99","0.0","5751"
"Jake Petricka","Blue Jays","0","0","0","7","0","6.2","6.75","2.70","1.35",".516","56.8 %","56.3 %","16.7 %","6.75","4.47","3.98","0.0","10534"
"Rex Brothers","Braves","0","0","0","1","0","0.0","0.00","18.00","0.00",".000","50.0 %","0.0 %","0.0 %","9.00","9.12","9.12","0.0","9794"
"Zack Weiss","Reds","0","0","0","1","0","0.0","0.00","18.00","18.00",".000","0.0 %","0.0 %","200.0 %","36.00","35.12","10.75","0.0","15444"
"Shane Greene","Tigers","2","2","10","22","0","21.1","10.55","3.38","1.69",".298","69.7 %","48.3 %","17.4 %","4.22","4.48","3.80","0.0","10756"
"Eric Stout","Royals","0","0","0","2","0","2.0","9.00","9.00","0.00",".500","33.3 %","50.0 %","0.0 %","13.50","4.12","4.12","0.0","16873"
"Rob Zastryzny","Cubs","0","0","0","1","0","2.0","9.00","4.50","0.00",".250","100.0 %","75.0 %","0.0 %","0.00","4.12","4.12","0.0","15094"
"Clay Holmes","Pirates","0","0","0","1","0","2.0","9.00","9.00","0.00",".400","75.0 %","80.0 %","0.0 %","4.50","4.12","4.12","0.0","13649"
"Merandy Gonzalez","Marlins","2","0","0","6","0","13.0","7.62","4.85","0.69",".386","76.3 %","28.9 %","5.9 %","4.85","4.05","5.17","0.0","17313"
"Matt Belisle","Indians","0","0","0","8","0","10.2","3.38","0.84","0.84",".222","56.6 %","45.9 %","8.3 %","5.06","4.43","5.04","0.0","1837"
"Jorge Lopez","Brewers","0","0","0","5","0","8.1","7.56","4.32","1.08",".292","75.5 %","56.0 %","14.3 %","4.32","4.44","4.25","0.0","14527"
"Deck McGuire","Blue Jays","0","0","0","3","0","6.1","8.53","4.26","1.42",".235","75.8 %","22.2 %","11.1 %","4.26","4.70","4.96","0.0","11596"
"Kendrys Morales","Blue Jays","0","0","0","1","0","1.0","0.00","9.00","0.00",".000","100.0 %","0.0 %","0.0 %","0.00","6.12","10.99","0.0","8610"
"Johnny Field","Rays","0","0","0","1","0","1.0","0.00","9.00","0.00",".000","100.0 %","0.0 %","0.0 %","0.00","6.12","10.99","0.0","15048"
"Colten Brewer","Padres","0","0","0","1","0","0.2","13.50","27.00","0.00",".667","33.3 %","66.7 %","0.0 %","0.00","9.12","11.56","0.0","12997"
"Brandon Mann","Rangers","0","0","0","3","0","5.0","1.80","3.60","0.00",".125","100.0 %","12.5 %","0.0 %","0.00","4.52","8.42","0.0","5172"
"Luke Jackson","Braves","0","0","0","2","0","1.1","20.25","13.50","0.00",".500","50.0 %","0.0 %","0.0 %","13.50","5.37","6.59","0.0","11752"
"James Hoyt","Astros","0","0","0","1","0","0.1","0.00","27.00","0.00",".500","100.0 %","100.0 %","0.0 %","0.00","12.12","12.12","0.0","14605"
"Jonny Venters","Rays","1","0","0","9","0","8.0","5.63","2.25","1.13",".136","100.0 %","73.9 %","25.0 %","1.13","4.25","3.43","0.0","7175"
"Cliff Pennington","Reds","0","0","0","1","0","1.0","9.00","18.00","0.00",".333","66.7 %","33.3 %","0.0 %","9.00","7.12","8.75","0.0","3395"
"Sal Romano","Reds","2","5","0","10","10","49.2","6.16","4.53","1.45",".280","67.4 %","46.0 %","14.5 %","5.62","5.42","5.12","0.0","13690"
"Ryan Weber","Rays","0","0","0","1","0","0.1","0.00","27.00","0.00",".333","-50.0 %","66.7 %","0.0 %","27.00","12.12","16.99","0.0","10160"
"Eduardo Paredes","Angels","0","0","0","7","0","9.1","6.75","3.86","0.96",".394","60.2 %","52.9 %","11.1 %","7.71","4.30","4.47","0.0","16344"
"Corey Oswalt","Mets","0","0","0","1","0","4.2","7.71","0.00","1.93",".083","62.5 %","46.2 %","25.0 %","3.86","4.84","3.44","0.0","13677"
"Alan Busenitz","Twins","1","0","0","4","0","4.0","15.75","4.50","2.25",".636","83.3 %","41.7 %","20.0 %","6.75","5.12","3.90","0.0","15239"
"Tyler Clippard","Blue Jays","4","1","1","24","0","23.2","10.27","4.56","1.52",".192","98.0 %","20.0 %","12.1 %","1.90","4.56","4.63","0.0","5640"
"Evan Marshall","Indians","0","0","0","4","0","2.2","6.75","10.13","0.00",".333","66.7 %","55.6 %","0.0 %","6.75","5.00","6.22","0.0","12297"
"Brian Johnson","Red Sox","1","2","0","14","1","22.0","8.59","2.86","1.64",".328","68.2 %","32.8 %","14.3 %","5.73","4.53","4.23","0.0","14272"
"Wandy Peralta","Reds","1","2","0","25","0","22.2","7.15","7.54","0.00",".284","71.8 %","47.8 %","0.0 %","3.57","4.18","5.47","0.0","14295"
"Chaz Roe","Rays","0","1","0","23","0","17.0","10.59","2.65","1.59",".325","76.9 %","44.2 %","20.0 %","4.76","4.65","3.79","0.0","9866"
"Zac Curtis","Phillies","0","0","0","4","0","5.1","8.44","11.81","0.00",".333","83.3 %","46.7 %","0.0 %","3.38","5.18","7.32","0.0","16684"
"Zac Reininger","Tigers","0","0","0","2","0","2.2","0.00","10.13","0.00",".400","57.1 %","33.3 %","0.0 %","10.13","6.50","8.32","0.0","15285"
"Justin Anderson","Angels","0","1","1","12","0","12.0","13.50","5.25","1.50",".346","80.3 %","44.4 %","22.2 %","4.50","4.29","3.34","0.0","16201"
"Clay Buchholz","Diamondbacks","0","0","0","1","1","5.0","3.60","1.80","1.80",".071","100.0 %","26.7 %","11.1 %","1.80","5.52","5.85","0.0","3543"
"Enny Romero","- - -","0","0","0","4","0","6.0","10.50","6.00","1.50",".458","57.7 %","28.0 %","9.1 %","7.50","5.46","6.27","0.0","4001"
"Neil Ramirez","Indians","0","0","0","3","0","2.1","11.57","0.00","3.86",".375","76.9 %","44.4 %","33.3 %","7.71","6.12","2.64","0.0","7677"
"Warwick Saupold","Tigers","2","1","1","17","0","16.2","3.78","4.32","0.54",".263","89.0 %","47.3 %","5.9 %","2.16","4.68","5.56","0.0","13211"
"Dan Otero","Indians","0","1","0","14","0","15.2","8.04","1.15","1.72",".300","35.7 %","58.5 %","21.4 %","7.47","4.40","3.36","0.0","7385"
"Troy Scribner","Diamondbacks","0","1","0","1","1","3.2","9.82","14.73","0.00",".364","80.0 %","60.0 %","0.0 %","4.91","5.85","6.74","0.0","15570"
"Gerson Bautista","Mets","0","0","0","2","0","2.1","7.71","15.43","0.00",".375","71.4 %","50.0 %","0.0 %","7.71","6.55","8.64","0.0","19256"
"Jen-Ho Tseng","Cubs","0","0","0","1","1","2.0","13.50","0.00","4.50",".500","38.5 %","57.1 %","50.0 %","13.50","6.62","1.75","0.0","15524"
"Luis Santos","Blue Jays","0","0","0","1","0","1.2","10.80","16.20","0.00",".625","25.0 %","12.5 %","0.0 %","32.40","6.12","9.05","0.0","15006"
"Edward Paredes","Dodgers","0","0","0","1","0","0.2","0.00","0.00","0.00",".000","100.0 %","0.0 %","0.0 %","0.00","7.62","10.06","0.0","4168"
"Blake Wood","Angels","1","0","0","13","0","11.2","7.71","5.40","0.77",".250","89.0 %","58.6 %","11.1 %","2.31","4.58","4.72","0.0","1345"
"Sam Dyson","Giants","2","0","0","22","0","21.1","6.75","3.38","0.84",".237","81.1 %","60.7 %","15.4 %","2.95","4.11","3.88","0.0","11710"
"Jimmie Sherfy","Diamondbacks","0","0","0","3","0","2.0","4.50","9.00","0.00",".000","100.0 %","20.0 %","0.0 %","0.00","5.12","8.37","0.0","15118"
"Pat Venditte","Dodgers","0","0","0","3","0","2.2","6.75","0.00","3.38",".222","62.5 %","30.0 %","25.0 %","6.75","6.50","4.06","0.0","7108"
"Carlos Ramirez","Blue Jays","0","0","0","2","0","2.1","11.57","19.29","0.00",".200","83.3 %","80.0 %","0.0 %","3.86","6.98","6.98","0.0","11743"
"Lance Lynn","Twins","1","4","0","8","8","37.1","9.88","6.99","1.45",".394","66.6 %","47.3 %","20.0 %","7.47","5.35","4.56","0.0","2520"
"John Curtiss","Twins","0","1","0","2","0","0.2","13.50","27.00","0.00",".667","25.0 %","33.3 %","0.0 %","40.50","9.12","11.56","0.0","16128"
"Mike Montgomery","Cubs","0","1","0","17","0","23.0","5.09","3.13","0.78",".268","77.2 %","66.2 %","14.3 %","3.52","4.30","4.15","0.0","4869"
"Chih-Wei Hu","Rays","0","0","0","1","0","2.2","6.75","3.38","3.38",".250","38.5 %","11.1 %","16.7 %","10.13","7.62","6.40","0.0","16419"
"Ryan Dull","Athletics","0","0","0","12","0","10.0","9.90","3.60","1.80",".393","70.4 %","34.5 %","20.0 %","6.30","4.72","3.75","0.0","13974"
"Corey Knebel","Brewers","0","0","2","8","0","7.2","11.74","1.17","2.35",".143","62.5 %","62.5 %","40.0 %","4.70","4.69","2.36","-0.1","15010"
"Ryan LaMarre","Twins","0","0","0","1","0","0.2","0.00","0.00","13.50",".000","100.0 %","33.3 %","50.0 %","13.50","22.62","7.99","-0.1","10700"
"Daniel Gossett","Athletics","0","1","0","2","2","7.1","3.68","3.68","1.23",".370","44.1 %","42.9 %","10.0 %","11.05","5.71","6.16","-0.1","16164"
"Adam Wainwright","Cardinals","1","3","0","4","4","18.0","7.50","7.00","1.00",".309","80.8 %","54.5 %","12.5 %","4.00","5.57","5.57","-0.1","2233"
"Yimi Garcia","Dodgers","0","1","0","5","0","4.2","5.79","1.93","1.93",".313","35.7 %","41.2 %","16.7 %","7.71","5.27","4.57","-0.1","12095"
"Josh Ravin","Braves","0","1","0","2","0","3.0","3.00","6.00","0.00",".200","60.0 %","44.4 %","0.0 %","6.00","5.46","8.16","-0.1","2951"
"Jose Ramirez","Braves","0","2","0","7","0","6.1","9.95","11.37","0.00",".429","36.8 %","25.0 %","0.0 %","17.05","5.65","7.70","-0.1","10171"
"Jimmy Yacabonis","Orioles","0","0","0","2","0","2.1","3.86","19.29","0.00",".375","50.0 %","37.5 %","0.0 %","15.43","8.69","10.09","-0.1","15157"
"Brock Stewart","Dodgers","0","0","0","3","0","5.2","7.94","4.76","1.59",".250","92.1 %","41.2 %","14.3 %","3.18","5.77","5.48","-0.1","16727"
"Scott Alexander","Dodgers","1","0","0","16","0","16.1","7.16","6.06","0.55",".279","70.8 %","63.6 %","12.5 %","4.41","4.35","4.35","-0.1","10591"
"Daniel Norris","Tigers","0","2","0","5","2","15.1","10.57","5.28","1.76",".310","73.4 %","40.9 %","17.6 %","5.87","5.27","4.53","-0.1","13475"
"Daniel Coulombe","Athletics","1","1","0","17","0","16.1","10.47","3.86","1.65",".306","65.5 %","50.0 %","27.3 %","4.96","4.47","3.18","-0.1","13293"
"Brett Anderson","Athletics","0","2","0","4","4","15.1","4.70","3.52","1.76",".400","59.7 %","55.2 %","21.4 %","7.63","5.80","4.74","-0.1","8223"
"Juan Minaya","White Sox","0","0","0","5","0","3.1","13.50","24.30","0.00",".375","66.7 %","25.0 %","0.0 %","10.80","8.22","9.68","-0.1","10341"
"Pedro Florimon","Phillies","0","0","0","2","0","2.0","0.00","4.50","4.50",".000","0.0 %","28.6 %","25.0 %","9.00","11.12","7.87","-0.1","8385"
"Jason Adam","Royals","0","0","0","6","0","7.2","12.91","1.17","3.52",".286","100.0 %","23.5 %","33.3 %","3.52","5.73","2.55","-0.1","11861"
"Felix Hernandez","Mariners","5","3","0","10","10","55.1","7.97","4.07","1.63",".282","70.0 %","39.3 %","16.1 %","5.53","5.33","4.80","-0.1","4772"
"Justin Hancock","Cubs","0","0","0","5","0","6.1","11.37","8.53","1.42",".100","90.9 %","36.4 %","20.0 %","2.84","5.49","4.72","-0.1","12316"
"Zach Neal","Dodgers","0","0","0","1","0","1.0","0.00","0.00","9.00",".250","100.0 %","20.0 %","33.3 %","9.00","16.12","7.99","-0.1","11294"
"Lucas Giolito","White Sox","3","4","0","9","9","47.2","5.10","6.42","0.76",".253","61.2 %","40.9 %","6.2 %","6.42","5.79","6.91","-0.1","15474"
"Cody Reed","Reds","0","0","0","4","1","5.0","12.60","1.80","3.60",".231","31.3 %","33.3 %","28.6 %","5.40","6.12","3.20","-0.1","15232"
"Joe Biagini","Blue Jays","0","3","0","4","4","18.2","6.27","4.34","1.45",".365","61.0 %","50.8 %","20.0 %","7.71","5.59","4.80","-0.1","13194"
"Taylor Motter","Mariners","0","0","0","1","0","1.0","9.00","9.00","9.00",".000","100.0 %","0.0 %","50.0 %","9.00","20.12","10.37","-0.1","12399"
"Joe Smith","Astros","1","1","0","16","0","13.1","8.78","3.38","2.03",".314","54.1 %","45.9 %","20.0 %","7.43","5.22","4.12","-0.1","3281"
"Steven Wright","Red Sox","0","0","0","2","0","7.0","7.71","6.43","1.29",".222","69.8 %","52.6 %","14.3 %","5.14","5.41","5.18","-0.1","8185"
"P.J. Conlon","Mets","0","0","0","1","1","3.2","2.45","4.91","2.45",".231","65.2 %","14.3 %","11.1 %","7.36","7.76","8.20","-0.1","18213"
"Chase Whitley","Braves","0","0","0","1","0","1.0","9.00","9.00","9.00",".333","62.5 %","25.0 %","33.3 %","18.00","17.12","8.99","-0.1","10982"
"Alexi Ogando","Indians","0","1","0","1","0","1.0","9.00","27.00","0.00",".500","60.0 %","25.0 %","0.0 %","18.00","10.12","11.75","-0.1","10261"
"Hector Neris","Phillies","1","3","9","20","0","18.0","10.50","4.50","1.50",".279","76.9 %","39.5 %","15.8 %","4.50","4.62","4.17","-0.1","11804"
"Harrison Musgrave","Rockies","0","0","0","5","0","7.0","3.86","5.14","1.29",".143","100.0 %","38.1 %","11.1 %","1.29","5.84","6.07","-0.1","16532"
"Adam Plutko","Indians","1","0","0","1","1","7.1","7.36","0.00","3.68",".158","100.0 %","22.7 %","20.0 %","3.68","6.80","4.81","-0.1","15846"
"Johnny Barbato","Tigers","0","0","0","3","0","3.2","2.45","2.45","2.45",".250","55.6 %","25.0 %","14.3 %","7.36","6.94","6.50","-0.1","11440"
"Pedro Araujo","Orioles","1","3","0","16","0","23.0","10.96","4.30","1.96",".291","66.7 %","31.7 %","16.1 %","6.26","5.21","4.57","-0.1","17697"
"Taylor Williams","Brewers","0","2","0","14","0","15.0","13.80","6.60","1.80",".207","83.3 %","40.0 %","27.3 %","3.60","5.06","3.65","-0.1","14899"
"Tommy Kahnle","Yankees","1","0","0","6","0","7.1","11.05","9.82","1.23",".176","47.2 %","38.9 %","12.5 %","6.14","5.71","5.71","-0.1","11384"
"Buddy Baumann","- - -","0","1","0","2","0","2.1","11.57","7.71","3.86",".444","-17.9 %","55.6 %","25.0 %","19.29","8.69","5.91","-0.1","9309"
"J.T. Chargois","Dodgers","1","1","0","19","0","16.0","11.25","6.19","1.13",".368","79.4 %","53.8 %","20.0 %","4.50","4.50","3.89","-0.1","13767"
"Tim Mayza","Blue Jays","1","0","0","6","0","6.1","9.95","2.84","2.84",".421","97.8 %","28.6 %","16.7 %","4.26","5.96","4.94","-0.1","15042"
"Tyler Mahle","Reds","3","6","0","10","10","53.2","8.72","3.02","2.18",".288","82.4 %","36.4 %","22.4 %","4.53","5.40","4.00","-0.1","16358"
"Anthony Swarzak","Mets","0","0","0","2","0","2.1","11.57","3.86","3.86",".000","100.0 %","20.0 %","25.0 %","3.86","7.41","4.62","-0.1","7466"
"Brad Ziegler","Marlins","0","3","8","20","0","20.0","6.30","1.35","1.35",".353","52.2 %","71.0 %","30.0 %","7.20","4.27","3.13","-0.1","7293"
"Dominic Leone","Cardinals","1","2","0","15","0","13.0","10.38","2.08","2.08",".353","87.0 %","24.3 %","20.0 %","4.15","4.51","3.38","-0.1","13763"
"Ryan Sherriff","Cardinals","0","0","0","5","0","5.2","4.76","3.18","1.59",".350","72.9 %","57.1 %","20.0 %","6.35","5.95","5.08","-0.1","12249"
"Mike Dunn","Rockies","0","0","0","15","0","11.1","6.35","7.94","0.79",".324","58.3 %","32.4 %","6.7 %","7.94","5.50","6.51","-0.1","9948"
"Matt Grace","Nationals","0","0","0","10","0","10.2","8.44","3.38","1.69",".160","48.8 %","46.2 %","15.4 %","5.06","5.09","4.63","-0.1","11449"
"Ryne Stanek","Rays","0","0","0","4","0","3.2","17.18","4.91","4.91",".167","90.9 %","12.5 %","40.0 %","7.36","8.03","3.16","-0.1","15947"
"Akeel Morris","Angels","0","0","0","4","0","6.1","2.84","7.11","1.42",".250","83.3 %","66.7 %","25.0 %","4.26","6.91","5.88","-0.1","12185"
"Chris Beck","White Sox","0","0","1","9","0","16.0","6.19","3.94","1.69",".273","85.1 %","38.3 %","15.0 %","3.94","5.68","5.28","-0.1","13418"
"Felix Pena","Angels","0","0","0","2","0","2.2","6.75","0.00","6.75",".333","90.9 %","45.5 %","33.3 %","10.13","11.37","5.28","-0.1","13403"
"Danny Farquhar","White Sox","1","1","0","8","0","8.0","10.13","0.00","3.38",".176","55.6 %","35.0 %","30.0 %","5.63","5.75","2.90","-0.1","8501"
"Brian Flynn","Royals","0","1","1","14","0","23.0","4.70","3.52","0.78",".363","74.6 %","41.5 %","7.1 %","4.70","4.77","5.62","-0.1","12027"
"Hoby Milner","Phillies","0","0","0","10","0","4.2","7.71","5.79","1.93",".313","69.8 %","41.2 %","16.7 %","7.71","6.77","6.07","-0.1","13346"
"Dan Altavilla","Mariners","3","2","0","18","0","16.2","10.26","6.48","1.08",".200","83.3 %","41.7 %","12.5 %","3.24","4.74","4.74","-0.1","16507"
"Jaime Garcia","Blue Jays","2","3","0","8","8","38.2","8.84","4.89","1.86",".324","66.3 %","38.6 %","15.4 %","6.28","5.71","5.20","-0.1","8137"
"Matt Strahm","Padres","0","1","0","5","0","7.0","3.86","9.00","1.29",".182","75.5 %","30.4 %","10.0 %","3.86","7.12","7.59","-0.1","13799"
"Dillon Peters","Marlins","2","2","0","6","5","25.2","5.61","4.56","1.40",".301","66.8 %","42.4 %","14.8 %","6.31","5.54","5.22","-0.1","18790"
"Yovani Gallardo","Reds","0","0","0","3","0","2.1","7.71","15.43","3.86",".583","37.7 %","23.1 %","20.0 %","30.86","12.12","10.03","-0.1","8173"
"Luke Gregerson","Cardinals","0","0","0","12","0","8.1","8.64","3.24","2.16",".273","36.6 %","60.9 %","40.0 %","8.64","5.40","3.26","-0.1","4090"
"Justin Wilson","Cubs","1","1","0","19","0","17.1","10.90","8.31","1.04",".256","83.3 %","31.7 %","10.0 %","3.63","4.97","5.34","-0.1","4301"
"Tyler Kinley","Twins","0","0","0","4","0","3.1","10.80","10.80","5.40",".538","39.2 %","53.3 %","40.0 %","24.30","12.12","6.76","-0.1","18297"
"Danny Barnes","Blue Jays","1","1","0","19","0","17.0","9.00","4.24","2.12",".347","94.0 %","30.2 %","14.3 %","3.18","5.59","5.21","-0.1","11388"
"Shawn Kelley","Nationals","0","0","0","11","0","8.0","12.38","2.25","3.38",".235","83.3 %","25.0 %","25.0 %","5.63","6.00","3.56","-0.1","7773"
"Daniel Hudson","Dodgers","1","0","0","12","0","14.1","6.91","5.65","1.26",".268","62.5 %","38.1 %","14.3 %","5.65","5.29","5.06","-0.1","7146"
"Josh Smoker","Pirates","0","0","0","5","0","4.0","0.00","4.50","2.25",".444","72.9 %","26.3 %","12.5 %","9.00","7.87","7.87","-0.1","10285"
"Gabriel Moya","Twins","0","0","0","5","0","5.0","10.80","3.60","5.40",".231","52.6 %","37.5 %","33.3 %","10.80","9.72","4.85","-0.2","16348"
"Luke Sims","Braves","0","0","0","3","0","6.0","10.50","7.50","3.00",".353","62.5 %","31.6 %","22.2 %","10.50","8.12","6.23","-0.2","13470"
"Wander Suero","Nationals","0","0","0","6","0","6.1","4.26","5.68","1.42",".158","92.1 %","21.1 %","10.0 %","2.84","6.60","7.11","-0.2","15855"
"Austin Adams","Nationals","0","0","0","2","0","1.0","0.00","27.00","0.00",".250","100.0 %","50.0 %","0.0 %","0.00","12.12","13.75","-0.2","13801"
"David Hess","Orioles","1","1","0","2","2","10.2","5.91","1.69","3.38",".286","76.9 %","41.0 %","20.0 %","6.75","7.25","5.42","-0.2","16130"
"Matt Bush","Rangers","0","0","0","14","0","13.0","9.00","6.92","1.38",".265","72.9 %","38.9 %","14.3 %","5.54","5.66","5.41","-0.2","1246"
"Sergio Romo","Rays","1","0","0","20","2","18.2","12.54","4.34","1.93",".326","85.5 %","32.6 %","19.0 %","4.34","4.89","3.93","-0.2","9817"
"Tyler Lyons","Cardinals","1","0","0","18","0","11.2","9.26","3.86","1.54",".343","71.4 %","27.8 %","14.3 %","6.17","5.09","4.81","-0.2","11334"
"Jacob Turner","Marlins","0","0","0","4","0","5.2","3.18","7.94","1.59",".444","48.2 %","39.3 %","7.7 %","15.88","7.36","8.79","-0.2","10185"
"Austin Pruitt","Rays","1","2","0","7","0","20.1","4.43","2.66","1.33",".239","48.1 %","46.4 %","11.1 %","5.75","4.94","5.18","-0.2","15290"
"Kazuhisa Makita","Padres","0","1","0","16","0","18.0","9.50","3.50","2.00",".313","56.1 %","19.6 %","22.2 %","7.50","5.23","3.97","-0.2","19757"
"Andrew Kittredge","Rays","1","2","0","13","3","16.2","5.94","3.78","1.62",".377","48.6 %","54.0 %","20.0 %","9.72","5.40","4.52","-0.2","12828"
"Boone Logan","Brewers","0","0","0","5","0","3.1","8.10","10.80","2.70",".417","81.4 %","46.2 %","14.3 %","8.10","8.82","8.33","-0.2","5525"
"Tanner Rainey","Reds","0","0","0","2","0","2.0","9.00","22.50","4.50",".333","15.2 %","28.6 %","25.0 %","31.50","15.12","11.87","-0.2","17610"
"Kyle McGrath","Padres","0","0","0","4","0","4.0","9.00","6.75","4.50",".111","100.0 %","27.3 %","33.3 %","4.50","9.87","5.81","-0.2","16793"
"Jorge De La Rosa","Diamondbacks","0","2","0","23","0","16.1","5.51","4.41","1.10",".184","75.6 %","46.8 %","11.1 %","3.86","5.14","5.34","-0.2","2047"
"Trevor Gott","Nationals","0","2","0","15","0","14.1","6.28","4.40","1.26",".293","64.4 %","61.9 %","18.2 %","5.65","5.42","4.86","-0.2","15046"
"Mike Mayers","Cardinals","1","0","1","7","0","10.2","5.06","1.69","2.53",".270","100.0 %","37.5 %","18.8 %","2.53","6.22","5.00","-0.2","15451"
"Liam Hendriks","Athletics","0","0","0","6","0","3.0","3.00","9.00","3.00",".500","81.4 %","38.5 %","25.0 %","9.00","9.79","7.62","-0.2","3548"
"Chris O'Grady","Marlins","0","1","0","8","0","7.0","10.29","5.14","2.57",".278","73.2 %","21.1 %","18.2 %","6.43","6.27","5.10","-0.2","13818"
"D.J. Snelten","Giants","0","0","0","4","0","4.1","8.31","6.23","4.15",".412","65.2 %","63.2 %","50.0 %","10.38","9.35","4.85","-0.2","15949"
"Carlos Torres","Nationals","0","0","0","10","0","9.2","8.38","2.79","2.79",".240","68.2 %","42.9 %","37.5 %","6.52","6.54","3.85","-0.2","7624"
"Jose Valdez","Giants","0","0","0","4","0","5.0","7.20","1.80","5.40",".313","41.7 %","44.4 %","50.0 %","12.60","9.92","4.07","-0.2","14470"
"Tyler Cloyd","Marlins","0","0","0","5","0","13.1","6.08","4.73","2.03",".420","57.6 %","24.5 %","13.6 %","10.80","6.50","6.25","-0.2","8536"
"Jordan Hicks","Cardinals","2","1","0","21","0","22.0","3.68","6.55","0.00",".194","81.3 %","60.6 %","0.0 %","2.05","4.89","6.08","-0.2","19618"
"Jeff Beliveau","Indians","0","0","1","5","0","3.1","5.40","10.80","2.70",".333","69.8 %","46.2 %","20.0 %","10.80","10.32","8.86","-0.2","8504"
"Jeff Samardzija","Giants","1","2","0","6","6","30.0","6.90","5.40","1.50",".275","66.7 %","32.6 %","11.4 %","6.30","5.66","5.87","-0.2","3254"
"Alex Wilson","Tigers","0","3","0","17","0","20.0","7.20","2.70","1.80",".200","71.4 %","42.6 %","18.2 %","4.50","5.17","4.36","-0.2","9239"
"Marc Rzepczynski","Mariners","0","0","0","15","0","6.1","12.79","8.53","2.84",".409","56.3 %","58.3 %","40.0 %","8.53","7.23","4.40","-0.2","6612"
"Josh Osich","Giants","0","0","0","11","0","10.0","8.10","4.50","1.80",".455","70.8 %","45.7 %","22.2 %","8.10","6.02","4.88","-0.2","11528"
"J.J. Hoover","Brewers","0","1","0","2","0","1.1","0.00","13.50","6.75",".429","65.2 %","37.5 %","50.0 %","20.25","17.37","10.06","-0.2","9037"
"Emilio Pagan","Athletics","1","0","0","13","0","15.2","4.60","2.87","2.30",".309","84.1 %","30.5 %","13.3 %","5.17","6.57","6.36","-0.2","14771"
"Jacob Rhame","Mets","0","0","1","6","0","6.0","4.50","3.00","3.00",".250","96.8 %","28.6 %","16.7 %","4.50","7.46","6.37","-0.2","15267"
"Trevor Hildenberger","Twins","1","1","0","20","0","21.1","7.17","2.53","2.11",".226","89.5 %","44.6 %","23.8 %","3.80","5.56","4.11","-0.3","17002"
"Ryan Carpenter","Tigers","0","1","0","3","2","8.2","4.15","3.12","3.12",".300","62.5 %","33.3 %","30.0 %","8.31","8.43","5.80","-0.3","12699"
"Jake McGee","Rockies","1","2","0","20","0","17.0","7.41","2.65","2.12",".271","63.2 %","38.5 %","19.0 %","5.82","5.59","4.54","-0.3","7550"
"Luke Farrell","Cubs","1","2","0","6","0","5.2","14.29","1.59","4.76",".467","44.1 %","33.3 %","50.0 %","7.94","7.36","2.19","-0.3","15101"
"David Hale","- - -","0","0","0","3","0","8.0","7.88","4.50","3.38",".333","84.8 %","48.1 %","33.3 %","6.75","8.12","5.07","-0.3","9756"
"Jason Vargas","Mets","1","3","0","4","4","17.1","8.31","4.15","2.60",".404","60.0 %","33.3 %","20.0 %","9.87","6.58","5.18","-0.3","8044"
"Luke Bard","Angels","0","0","0","8","0","11.2","10.03","3.86","3.09",".214","88.7 %","31.3 %","25.0 %","5.40","7.41","5.18","-0.3","14288"
"Nestor Cortes","Orioles","0","0","0","4","0","4.2","5.79","7.71","3.86",".471","89.3 %","47.4 %","28.6 %","7.71","9.98","6.84","-0.3","17874"
"Burch Smith","Royals","0","0","0","13","0","22.0","9.82","5.32","2.05",".269","88.9 %","35.7 %","18.5 %","4.09","5.94","4.98","-0.3","12784"
"Eric Lauer","Padres","1","2","0","5","5","21.0","7.71","4.71","2.14",".384","64.9 %","35.1 %","18.5 %","8.14","6.07","5.07","-0.3","19316"
"Phil Hughes","Twins","0","0","0","7","2","12.0","6.00","3.75","3.00",".270","76.4 %","25.0 %","21.1 %","6.75","7.62","5.86","-0.3","7450"
"Chase Anderson","Brewers","4","3","0","9","9","51.1","5.79","3.33","1.93",".200","86.1 %","34.9 %","16.4 %","3.86","6.02","5.36","-0.3","6895"
"Tyler Duffey","Twins","0","1","0","3","0","5.1","6.75","1.69","6.75",".350","46.9 %","37.5 %","36.4 %","13.50","11.93","5.53","-0.3","13758"
"Greg Holland","Cardinals","0","2","0","16","0","12.1","6.57","10.22","0.73",".317","63.9 %","36.6 %","5.9 %","7.30","6.12","7.31","-0.3","7196"
"Dovydas Neverauskas","Pirates","0","0","0","7","0","6.2","2.70","4.05","2.70",".346","57.4 %","25.0 %","16.7 %","10.80","8.22","7.25","-0.3","11604"
"Hector Santiago","White Sox","0","2","0","13","4","38.1","7.98","4.93","1.88",".282","78.3 %","30.6 %","13.3 %","5.17","5.94","5.77","-0.3","4026"
"Max Fried","Braves","0","2","0","4","0","6.0","10.50","4.50","4.50",".154","100.0 %","33.3 %","42.9 %","6.00","8.79","4.18","-0.3","13743"
"Parker Bridwell","Angels","0","0","0","1","1","1.2","0.00","0.00","16.20",".444","35.7 %","50.0 %","75.0 %","32.40","26.52","7.02","-0.3","11502"
"Kevin Quackenbush","Reds","0","1","0","10","0","9.0","7.00","6.00","3.00",".345","54.1 %","34.4 %","25.0 %","11.00","7.90","5.73","-0.3","12360"
"Drew Hutchison","Phillies","1","1","0","10","0","19.1","7.45","5.12","1.86",".288","82.7 %","47.3 %","22.2 %","4.66","6.02","4.84","-0.3","10732"
"Chris Rusin","Rockies","0","0","0","13","0","20.0","7.65","4.50","2.25",".286","66.7 %","56.7 %","25.0 %","6.75","6.17","4.55","-0.3","9895"
"Matt Bowman","Cardinals","0","1","0","17","0","17.0","10.59","4.76","2.12",".362","78.7 %","50.0 %","28.6 %","5.82","5.59","3.87","-0.3","13528"
"Miguel Gonzalez","White Sox","0","3","0","3","3","12.1","3.65","4.38","2.92",".392","49.2 %","38.2 %","22.2 %","12.41","7.99","6.14","-0.3","7024"
"Cam Bedrosian","Angels","1","0","1","22","0","19.1","6.98","4.19","1.86",".333","87.6 %","43.8 %","18.2 %","4.19","5.66","4.82","-0.3","13360"
"Rich Hill","Dodgers","1","2","0","6","6","24.2","9.12","4.74","2.55",".329","75.3 %","32.9 %","21.9 %","6.20","6.37","4.78","-0.3","4806"
"Dan Straily","Marlins","2","0","0","4","4","20.0","6.30","6.30","1.80",".200","86.1 %","29.3 %","18.2 %","3.60","6.57","5.76","-0.3","9460"
"Kendall Graveman","Athletics","1","5","0","7","7","34.1","7.08","3.41","2.36",".324","57.3 %","55.2 %","27.3 %","7.60","6.18","4.33","-0.4","15514"
"A.J. Cole","- - -","2","1","0","7","2","15.1","9.98","5.28","3.52",".333","68.0 %","30.4 %","23.1 %","8.80","7.75","5.42","-0.4","11467"
"Zach McAllister","Indians","0","2","0","18","0","16.1","7.16","2.76","2.76",".286","52.9 %","39.2 %","20.8 %","7.16","6.43","4.84","-0.4","2895"
"JC Ramirez","Angels","0","2","0","2","2","6.2","5.40","9.45","4.05",".211","61.2 %","22.7 %","37.5 %","9.45","10.92","7.02","-0.4","8302"
"Nick Goody","Indians","0","2","0","12","0","11.2","9.26","3.86","3.09",".306","77.9 %","28.2 %","20.0 %","6.94","7.07","5.39","-0.4","13685"
"Steven Matz","Mets","1","3","0","8","8","36.2","8.84","3.93","2.21",".247","70.3 %","48.5 %","24.3 %","4.42","5.90","4.35","-0.4","13361"
"Hansel Robles","Mets","2","1","0","10","0","10.1","13.06","2.61","4.35",".348","100.0 %","18.5 %","35.7 %","5.23","7.38","3.29","-0.4","11801"
"Homer Bailey","Reds","1","6","0","10","10","53.0","5.43","3.40","2.04",".296","70.8 %","38.3 %","15.8 %","6.11","6.05","5.43","-0.4","8362"
"Brandon Finnegan","Reds","0","3","0","5","5","20.2","6.10","6.53","2.18",".319","62.9 %","39.2 %","17.9 %","7.40","7.09","6.15","-0.4","16208"
"Matt Koch","Diamondbacks","2","2","0","7","6","37.2","4.78","2.15","2.15",".223","83.8 %","45.8 %","20.9 %","4.06","6.12","4.87","-0.4","13420"
"Brandon Maurer","Royals","0","2","0","5","0","4.1","6.23","6.23","6.23",".357","73.5 %","35.3 %","37.5 %","12.46","12.81","6.81","-0.4","4878"
"Junichi Tazawa","Marlins","1","1","0","22","0","20.0","10.80","5.85","2.70",".393","61.4 %","22.6 %","20.0 %","9.00","6.57","5.11","-0.4","4079"
"Chris Hatcher","Athletics","3","1","0","15","0","15.2","6.32","4.60","2.30",".340","73.8 %","45.6 %","20.0 %","5.17","6.57","5.32","-0.4","3299"
"Chris Tillman","Orioles","1","5","0","7","7","26.2","4.39","5.74","2.03",".364","55.1 %","41.7 %","17.6 %","10.46","7.21","6.36","-0.5","5279"
"Cory Gearrin","Giants","0","1","1","22","0","19.0","9.47","4.74","1.89",".320","91.2 %","39.6 %","22.2 %","3.79","5.81","4.61","-0.5","7947"
"Wei-Yin Chen","Marlins","1","2","0","5","5","22.0","5.73","4.91","2.45",".265","73.4 %","30.0 %","15.4 %","6.55","7.17","6.50","-0.5","13071"
"Justin Grimm","Royals","0","2","0","10","0","7.0","7.71","11.57","2.57",".400","22.0 %","40.0 %","18.2 %","21.86","8.98","7.82","-0.5","11720"
"Martin Perez","Rangers","2","3","0","5","5","22.1","5.24","4.84","2.82",".400","66.4 %","48.4 %","22.6 %","9.67","7.91","6.09","-0.5","6902"
"Erasmo Ramirez","Mariners","0","2","0","2","2","9.2","5.59","0.93","6.52",".233","80.7 %","37.8 %","41.2 %","10.24","11.92","5.36","-0.6","10314"
"Carson Fulmer","White Sox","2","4","0","9","8","32.1","8.07","6.68","2.23",".296","62.0 %","32.4 %","16.3 %","8.07","7.24","6.48","-0.6","18311"
"Danny Duffy","Royals","1","6","0","10","10","51.0","7.94","4.41","2.47",".314","70.6 %","32.0 %","17.9 %","6.88","6.46","5.37","-0.6","3542"
"George Kontos","Pirates","2","3","1","20","0","18.2","3.38","2.41","1.93",".273","76.9 %","44.9 %","18.2 %","4.82","6.28","5.41","-0.6","9486"
"Jarlin Garcia","Marlins","1","1","0","9","6","45.0","6.00","3.80","2.00",".180","83.8 %","41.2 %","19.6 %","3.80","5.94","4.90","-0.6","18282"
"Kevin Jepsen","Rangers","0","3","0","21","0","16.2","4.32","5.94","2.16",".208","65.4 %","48.2 %","23.5 %","5.94","7.44","5.98","-0.7","6475"
"Blaine Boyer","Royals","1","0","1","17","0","17.2","4.08","5.09","3.06",".302","30.1 %","53.6 %","31.6 %","11.72","8.33","5.66","-0.7","2237"
"Wilmer Font","- - -","0","2","0","10","0","17.0","8.47","2.65","5.29",".389","54.6 %","40.6 %","37.0 %","12.71","9.77","4.70","-0.7","5257"
"Bryan Mitchell","Padres","0","3","0","9","7","40.2","4.20","6.86","1.77",".312","73.8 %","48.9 %","23.5 %","6.64","7.11","5.91","-0.8","11479"
"Josh Tomlin","Indians","0","4","0","7","6","31.0","5.23","1.74","4.35",".292","76.5 %","26.4 %","24.6 %","7.84","9.12","6.03","-1.0","9388"
